eid	id	rab	class	tails	hydrox	carbon	dbonds	rt	hydrsn1	carbsn1	dbonsn1	hydrsn2	carbsn2	dbonsn2	hydrsn3	carbsn3	dbonsn3	stereo	annot	frac_molar_2	group	sp	collection	depth
1A	PE 28:0_11.58 | 14:0/14:0	3.684505916	PE	2	NA	28	0	11.58	NA	14	0	NA	14	0	NA	NA	NA	TRUE	14:0/14:0	0.001017026	1bar	Ecoli	NA	1
1A	PE 28:0_11.58 | 16:0/12:0	1.271764011	PE	2	NA	28	0	11.58	NA	16	0	NA	12	0	NA	NA	NA	TRUE	16:0/12:0	3.51042e-4	1bar	Ecoli	NA	1
1A	PE 29:0_12.53 | 15:0/14:0	1.501011049	PE	2	NA	29	0	12.53	NA	15	0	NA	14	0	NA	NA	NA	TRUE	15:0/14:0	4.14321e-4	1bar	Ecoli	NA	1
1A	PE 29:0_12.53 | 16:0/13:0	1.409469217	PE	2	NA	29	0	12.53	NA	16	0	NA	13	0	NA	NA	NA	TRUE	16:0/13:0	3.89053e-4	1bar	Ecoli	NA	1
1A	PE 29:1_11.25 | 12:0/17:1	0.434016516	PE	2	NA	29	1	11.25	NA	12	0	NA	17	1	NA	NA	NA	TRUE	12:0/17:1	1.19801e-4	1bar	Ecoli	NA	1
1A	PE 30:0_13.67 | 16:0/14:0	85.6903039	PE	2	NA	30	0	13.67	NA	16	0	NA	14	0	NA	NA	NA	TRUE	16:0/14:0	0.023652905	1bar	Ecoli	NA	1
1A	PE 30:1_11.94 | 16:1/14:0	0.31779579	PE	2	NA	30	1	11.94	NA	16	1	NA	14	0	NA	NA	NA	TRUE	16:1/14:0	8.77205e-5	1bar	Ecoli	NA	1
1A	PE 30:1_12.22 | 16:0/14:1	2.430812336	PE	2	NA	30	1	12.22	NA	16	0	NA	14	1	NA	NA	NA	TRUE	16:0/14:1	6.70972e-4	1bar	Ecoli	NA	1
1A	PE 31:0_15.01 | 16:0/15:0	9.505643698	PE	2	NA	31	0	15.01	NA	16	0	NA	15	0	NA	NA	NA	TRUE	16:0/15:0	0.002623822	1bar	Ecoli	NA	1
1A	PE 31:1_13.18 | 14:0/17:1	9.220006256	PE	2	NA	31	1	13.18	NA	14	0	NA	17	1	NA	NA	NA	TRUE	14:0/17:1	0.002544978	1bar	Ecoli	NA	1
1A	PE 32:0_16.64 | 16:0/16:0	50.16752657	PE	2	NA	32	0	16.64	NA	16	0	NA	16	0	NA	NA	NA	TRUE	16:0/16:0	0.013847632	1bar	Ecoli	NA	1
1A	PE 32:1_14.36 | 15:0/17:1	5.92017529	PE	2	NA	32	1	14.36	NA	15	0	NA	17	1	NA	NA	NA	TRUE	15:0/17:1	0.001634133	1bar	Ecoli	NA	1
1A	PE 32:1_14.36 | 16:0/16:1	8.713736938	PE	2	NA	32	1	14.36	NA	16	0	NA	16	1	NA	NA	NA	TRUE	16:0/16:1	0.002405234	1bar	Ecoli	NA	1
1A	PE 33:0_18.55 | 16:0/17:0	1.727418373	PE	2	NA	33	0	18.55	NA	16	0	NA	17	0	NA	NA	NA	TRUE	16:0/17:0	4.76815e-4	1bar	Ecoli	NA	1
1A	PE 33:1_16.00 | 16:0/17:1	131.5022545	PE	2	NA	33	1	16	NA	16	0	NA	17	1	NA	NA	NA	TRUE	16:0/17:1	0.036298277	1bar	Ecoli	NA	1
1A	PE 33:2_13.89 | 16:1_17:1	0.221255733	PE	2	NA	33	2	13.89	NA	16	1	NA	17	1	NA	NA	NA	FALSE	16:1_17:1	6.10727e-5	1bar	Ecoli	NA	1
1A	PE 34:0_20.50 | 16:0/18:0	3.613289253	PE	2	NA	34	0	20.5	NA	16	0	NA	18	0	NA	NA	NA	TRUE	16:0/18:0	9.97368e-4	1bar	Ecoli	NA	1
1A	PE 34:1_17.17 | 16:0/18:1	11.76388118	PE	2	NA	34	1	17.17	NA	16	0	NA	18	1	NA	NA	NA	TRUE	16:0/18:1	0.003247158	1bar	Ecoli	NA	1
1A	PE 34:1_17.78 | 15:0/19:1	1.300064515	PE	2	NA	34	1	17.78	NA	15	0	NA	19	1	NA	NA	NA	TRUE	15:0/19:1	3.58854e-4	1bar	Ecoli	NA	1
1A	PE 34:1_17.78 | 16:0/18:1	1.844299999	PE	2	NA	34	1	17.78	NA	16	0	NA	18	1	NA	NA	NA	TRUE	16:0/18:1	5.09078e-4	1bar	Ecoli	NA	1
1A	PE 34:1_17.78 | 17:0/17:1	1.981888476	PE	2	NA	34	1	17.78	NA	17	0	NA	17	1	NA	NA	NA	TRUE	17:0/17:1	5.47056e-4	1bar	Ecoli	NA	1
1A	PE 34:2_14.58 | 18:1/16:1	0.776251642	PE	2	NA	34	2	14.58	NA	18	1	NA	16	1	NA	NA	NA	TRUE	18:1/16:1	2.14267e-4	1bar	Ecoli	NA	1
1A	PE 34:2_15.33 | 17:1/17:1	6.53740763	PE	2	NA	34	2	15.33	NA	17	1	NA	17	1	NA	NA	NA	TRUE	17:1/17:1	0.001804506	1bar	Ecoli	NA	1
1A	PE 35:1_19.58 | 16:0/19:1	66.7868051	PE	2	NA	35	1	19.58	NA	16	0	NA	19	1	NA	NA	NA	TRUE	16:0/19:1	0.018435014	1bar	Ecoli	NA	1
1A	PE 35:2_16.44 | 16:1_19:1	0.125884774	PE	2	NA	35	2	16.44	NA	16	1	NA	19	1	NA	NA	NA	FALSE	16:1_19:1	3.47477e-5	1bar	Ecoli	NA	1
1A	PE 35:2_16.44 | 18:1/17:1	0.672861481	PE	2	NA	35	2	16.44	NA	18	1	NA	17	1	NA	NA	NA	TRUE	18:1/17:1	1.85728e-4	1bar	Ecoli	NA	1
1A	PE 36:1_21.48 | 16:0_20:1	0.289678643	PE	2	NA	36	1	21.48	NA	16	0	NA	20	1	NA	NA	NA	FALSE	16:0_20:1	7.99594e-5	1bar	Ecoli	NA	1
1A	PE 36:1_21.48 | 17:0/19:1	1.931331954	PE	2	NA	36	1	21.48	NA	17	0	NA	19	1	NA	NA	NA	TRUE	17:0/19:1	5.33101e-4	1bar	Ecoli	NA	1
1A	PE 36:2_18.83 | 19:1/17:1	29.19883983	PE	2	NA	36	2	18.83	NA	19	1	NA	17	1	NA	NA	NA	TRUE	19:1/17:1	0.008059691	1bar	Ecoli	NA	1
1A	PE 37:1_23.32 | 18:0/19:1	2.09395863	PE	2	NA	37	1	23.32	NA	18	0	NA	19	1	NA	NA	NA	TRUE	18:0/19:1	5.77991e-4	1bar	Ecoli	NA	1
1A	PE 37:2_20.08 | 18:1/19:1	0.282432671	PE	2	NA	37	2	20.08	NA	18	1	NA	19	1	NA	NA	NA	TRUE	18:1/19:1	7.79593e-5	1bar	Ecoli	NA	1
1A	PE 37:2_20.78 | 17:1_20:1	0.051778528	PE	2	NA	37	2	20.78	NA	17	1	NA	20	1	NA	NA	NA	FALSE	17:1_20:1	1.42923e-5	1bar	Ecoli	NA	1
1A	PE 37:2_20.78 | 18:1/19:1	0.675098198	PE	2	NA	37	2	20.78	NA	18	1	NA	19	1	NA	NA	NA	TRUE	18:1/19:1	1.86346e-4	1bar	Ecoli	NA	1
1A	PE 38:2_22.46 | 19:1/19:1	14.23269799	PE	2	NA	38	2	22.46	NA	19	1	NA	19	1	NA	NA	NA	TRUE	19:1/19:1	0.00392862	1bar	Ecoli	NA	1
1A	PG 28:0_10.25 | 14:0/14:0	0.1112806	PG	2	NA	28	0	10.25	NA	14	0	NA	14	0	NA	NA	NA	TRUE	14:0/14:0	3.07165e-5	1bar	Ecoli	NA	1
1A	PG 28:0_10.25 | 16:0/12:0	0.044484635	PG	2	NA	28	0	10.25	NA	16	0	NA	12	0	NA	NA	NA	TRUE	16:0/12:0	1.2279e-5	1bar	Ecoli	NA	1
1A	PG 29:0_10.91 | 14:0_15:0	0.010667541	PG	2	NA	29	0	10.91	NA	14	0	NA	15	0	NA	NA	NA	FALSE	14:0_15:0	2.94454e-6	1bar	Ecoli	NA	1
1A	PG 29:0_10.91 | 16:0/13:0	0.020962046	PG	2	NA	29	0	10.91	NA	16	0	NA	13	0	NA	NA	NA	TRUE	16:0/13:0	5.78611e-6	1bar	Ecoli	NA	1
1A	PG 30:0_11.73 | 16:0/14:0	6.235122305	PG	2	NA	30	0	11.73	NA	16	0	NA	14	0	NA	NA	NA	TRUE	16:0/14:0	0.001721067	1bar	Ecoli	NA	1
1A	PG 30:1_10.66 | 16:0/14:1	0.087580606	PG	2	NA	30	1	10.66	NA	16	0	NA	14	1	NA	NA	NA	TRUE	16:0/14:1	2.41747e-5	1bar	Ecoli	NA	1
1A	PG 31:0_12.66 | 15:0_16:0	0.259007629	PG	2	NA	31	0	12.66	NA	15	0	NA	16	0	NA	NA	NA	FALSE	15:0_16:0	7.14933e-5	1bar	Ecoli	NA	1
1A	PG 31:1_11.38 | 14:0/17:1	0.430782419	PG	2	NA	31	1	11.38	NA	14	0	NA	17	1	NA	NA	NA	TRUE	14:0/17:1	1.18908e-4	1bar	Ecoli	NA	1
1A	PG 32:0_13.77 | 16:0/16:0	7.750230505	PG	2	NA	32	0	13.77	NA	16	0	NA	16	0	NA	NA	NA	TRUE	16:0/16:0	0.002139279	1bar	Ecoli	NA	1
1A	PG 32:1_12.11 | 15:0/17:1	0.50584513	PG	2	NA	32	1	12.11	NA	15	0	NA	17	1	NA	NA	NA	TRUE	15:0/17:1	1.39627e-4	1bar	Ecoli	NA	1
1A	PG 32:1_12.11 | 16:0/16:1	4.366969389	PG	2	NA	32	1	12.11	NA	16	0	NA	16	1	NA	NA	NA	TRUE	16:0/16:1	0.001205405	1bar	Ecoli	NA	1
1A	PG 33:0_15.11 | 16:0_17:0	0.079823052	PG	2	NA	33	0	15.11	NA	16	0	NA	17	0	NA	NA	NA	FALSE	16:0_17:0	2.20334e-5	1bar	Ecoli	NA	1
1A	PG 33:1_13.31 | 16:0/17:1	30.04778257	PG	2	NA	33	1	13.31	NA	16	0	NA	17	1	NA	NA	NA	TRUE	16:0/17:1	0.008294023	1bar	Ecoli	NA	1
1A	PG 34:0_16.75 | 16:0_18:0	0.197649461	PG	2	NA	34	0	16.75	NA	16	0	NA	18	0	NA	NA	NA	FALSE	16:0_18:0	5.45567e-5	1bar	Ecoli	NA	1
1A	PG 34:1_14.11 | 16:0/18:1	2.159603473	PG	2	NA	34	1	14.11	NA	16	0	NA	18	1	NA	NA	NA	TRUE	16:0/18:1	5.96111e-4	1bar	Ecoli	NA	1
1A	PG 34:1_14.53 | 15:0/19:1	0.146833193	PG	2	NA	34	1	14.53	NA	15	0	NA	19	1	NA	NA	NA	TRUE	15:0/19:1	4.053e-5	1bar	Ecoli	NA	1
1A	PG 34:1_14.53 | 16:0/18:1	0.216875828	PG	2	NA	34	1	14.53	NA	16	0	NA	18	1	NA	NA	NA	TRUE	16:0/18:1	5.98638e-5	1bar	Ecoli	NA	1
1A	PG 34:1_14.53 | 17:0/17:1	0.300611727	PG	2	NA	34	1	14.53	NA	17	0	NA	17	1	NA	NA	NA	TRUE	17:0/17:1	8.29772e-5	1bar	Ecoli	NA	1
1A	PG 34:2_12.38 | 18:1/16:1	0.954933465	PG	2	NA	34	2	12.38	NA	18	1	NA	16	1	NA	NA	NA	TRUE	18:1/16:1	2.63588e-4	1bar	Ecoli	NA	1
1A	PG 34:2_12.85 | 17:1/17:1	0.562588611	PG	2	NA	34	2	12.85	NA	17	1	NA	17	1	NA	NA	NA	TRUE	17:1/17:1	1.5529e-4	1bar	Ecoli	NA	1
1A	PG 35:1_15.90 | 16:0/19:1	9.274078407	PG	2	NA	35	1	15.9	NA	16	0	NA	19	1	NA	NA	NA	TRUE	16:0/19:1	0.002559903	1bar	Ecoli	NA	1
1A	PG 35:1_15.90 | 18:0/17:1	0.07460836	PG	2	NA	35	1	15.9	NA	18	0	NA	17	1	NA	NA	NA	TRUE	18:0/17:1	2.0594e-5	1bar	Ecoli	NA	1
1A	PG 36:1_17.66 | 16:0/20:1	0.031416833	PG	2	NA	36	1	17.66	NA	16	0	NA	20	1	NA	NA	NA	TRUE	16:0/20:1	8.67192e-6	1bar	Ecoli	NA	1
1A	PG 36:1_17.66 | 17:0/19:1	0.123383248	PG	2	NA	36	1	17.66	NA	17	0	NA	19	1	NA	NA	NA	TRUE	17:0/19:1	3.40572e-5	1bar	Ecoli	NA	1
1A	PG 36:2_14.46 | 18:1/18:1	0.716298957	PG	2	NA	36	2	14.46	NA	18	1	NA	18	1	NA	NA	NA	TRUE	18:1/18:1	1.97718e-4	1bar	Ecoli	NA	1
1A	PG 36:2_15.33 | 17:1_19:1	2.991838034	PG	2	NA	36	2	15.33	NA	17	1	NA	19	1	NA	NA	NA	FALSE	17:1_19:1	8.2583e-4	1bar	Ecoli	NA	1
1A	PG 37:1_19.53 | 18:0/19:1	0.046078557	PG	2	NA	37	1	19.53	NA	18	0	NA	19	1	NA	NA	NA	TRUE	18:0/19:1	1.2719e-5	1bar	Ecoli	NA	1
1A	PG 38:2_18.64 | 19:1/19:1	2.232825768	PG	2	NA	38	2	18.64	NA	19	1	NA	19	1	NA	NA	NA	TRUE	19:1/19:1	6.16322e-4	1bar	Ecoli	NA	1
1A	CL 62:1_28.64 | 14:0_15:0_16:0_17:1	0.023928173	CL	1	NA	62	1	28.64	NA	14	0	NA	15	0	NA	NA	NA	FALSE	14:0_15:0_16:0_17:1	6.60484e-6	1bar	Ecoli	NA	1
1A	CL 62:1_28.64 | 14:0_16:0_16:0_16:1	0.040777465	CL	1	NA	62	1	28.64	NA	14	0	NA	16	0	NA	NA	NA	FALSE	14:0_16:0_16:0_16:1	1.12557e-5	1bar	Ecoli	NA	1
1A	CL 62:1_28.64 | 15:0_15:0_16:0_16:1	0.006801358	CL	1	NA	62	1	28.64	NA	15	0	NA	15	0	NA	NA	NA	FALSE	15:0_15:0_16:0_16:1	1.87736e-6	1bar	Ecoli	NA	1
1A	CL 62:3_28.55	0.040520271	CL	1	NA	62	3	28.55	NA	NA	NA	NA	NA	NA	NA	NA	NA	FALSE	62:03:00	1.11847e-5	1bar	Ecoli	NA	1
1A	CL 63:1_28.82 | 14:0_16:0_16:0_17:1	1.696472674	CL	1	NA	63	1	28.82	NA	14	0	NA	16	0	NA	NA	NA	FALSE	14:0_16:0_16:0_17:1	4.68274e-4	1bar	Ecoli	NA	1
1A	CL 63:2_28.57 | 14:1_16:0_16:0_17:1	0.026515951	CL	1	NA	63	2	28.57	NA	14	1	NA	16	0	NA	NA	NA	FALSE	14:1_16:0_16:0_17:1	7.31914e-6	1bar	Ecoli	NA	1
1A	CL 64:0_29.21 | 16:0_16:0_16:0_16:0	0.213851203	CL	1	NA	64	0	29.21	NA	16	0	NA	16	0	NA	NA	NA	FALSE	16:0_16:0_16:0_16:0	5.90289e-5	1bar	Ecoli	NA	1
1A	CL 64:1_28.94 | 14:0_16:0_16:0_18:1	0.021139067	CL	1	NA	64	1	28.94	NA	14	0	NA	16	0	NA	NA	NA	FALSE	14:0_16:0_16:0_18:1	5.83497e-6	1bar	Ecoli	NA	1
1A	CL 64:1_28.94 | 15:0_16:0_16:0_17:1	0.066182419	CL	1	NA	64	1	28.94	NA	15	0	NA	16	0	NA	NA	NA	FALSE	15:0_16:0_16:0_17:1	1.82682e-5	1bar	Ecoli	NA	1
1A	CL 64:1_28.94 | 16:0_16:0_16:0_16:1	0.037632834	CL	1	NA	64	1	28.94	NA	16	0	NA	16	0	NA	NA	NA	FALSE	16:0_16:0_16:0_16:1	1.03877e-5	1bar	Ecoli	NA	1
1A	CL 64:2_28.73 | 14:0_16:0_17:1_17:1	0.125377711	CL	1	NA	64	2	28.73	NA	14	0	NA	16	0	NA	NA	NA	FALSE	14:0_16:0_17:1_17:1	3.46077e-5	1bar	Ecoli	NA	1
1A	CL 64:3_28.89	0.047151121	CL	1	NA	64	3	28.89	NA	NA	NA	NA	NA	NA	NA	NA	NA	FALSE	64:03:00	1.3015e-5	1bar	Ecoli	NA	1
1A	CL 65:1_29.12 | 14:0_16:0_16:0_19:1	0.557117724	CL	1	NA	65	1	29.12	NA	14	0	NA	16	0	NA	NA	NA	FALSE	14:0_16:0_16:0_19:1	1.5378e-4	1bar	Ecoli	NA	1
1A	CL 65:1_29.12 | 16:0_16:0_16:0_17:1	1.510355589	CL	1	NA	65	1	29.12	NA	16	0	NA	16	0	NA	NA	NA	FALSE	16:0_16:0_16:0_17:1	4.169e-4	1bar	Ecoli	NA	1
1A	CL 65:2_28.89 | 15:0_16:0_17:1_17:1	0.037703592	CL	1	NA	65	2	28.89	NA	15	0	NA	16	0	NA	NA	NA	FALSE	15:0_16:0_17:1_17:1	1.04072e-5	1bar	Ecoli	NA	1
1A	CL 65:2_28.89 | 16:0_16:0_16:1_17:1	0.115554849	CL	1	NA	65	2	28.89	NA	16	0	NA	16	0	NA	NA	NA	FALSE	16:0_16:0_16:1_17:1	3.18963e-5	1bar	Ecoli	NA	1
1A	CL 65:4_28.80	0.174483754	CL	1	NA	65	4	28.8	NA	NA	NA	NA	NA	NA	NA	NA	NA	FALSE	65:04:00	4.81624e-5	1bar	Ecoli	NA	1
1A	CL 66:2_29.03 | 14:0_16:0_17:1_19:1	0.170733148	CL	1	NA	66	2	29.03	NA	14	0	NA	16	0	NA	NA	NA	FALSE	14:0_16:0_17:1_19:1	4.71271e-5	1bar	Ecoli	NA	1
1A	CL 66:2_29.03 | 16:0_16:0_17:1_17:1	2.278566259	CL	1	NA	66	2	29.03	NA	16	0	NA	16	0	NA	NA	NA	FALSE	16:0_16:0_17:1_17:1	6.28948e-4	1bar	Ecoli	NA	1
1A	CL 67:1_29.46 | 16:0_16:0_16:0_19:1	0.575745809	CL	1	NA	67	1	29.46	NA	16	0	NA	16	0	NA	NA	NA	FALSE	16:0_16:0_16:0_19:1	1.58922e-4	1bar	Ecoli	NA	1
1A	CL 67:1_29.46 | 16:0_16:0_17:1_18:0	0.098303573	CL	1	NA	67	1	29.46	NA	16	0	NA	16	0	NA	NA	NA	FALSE	16:0_16:0_17:1_18:0	2.71345e-5	1bar	Ecoli	NA	1
1A	CL 67:2_29.21 | 15:0_16:0_17:1_19:1	0.015895931	CL	1	NA	67	2	29.21	NA	15	0	NA	16	0	NA	NA	NA	FALSE	15:0_16:0_17:1_19:1	4.38772e-6	1bar	Ecoli	NA	1
1A	CL 67:2_29.21 | 16:0_16:0_16:1_19:1	0.034352583	CL	1	NA	67	2	29.21	NA	16	0	NA	16	0	NA	NA	NA	FALSE	16:0_16:0_16:1_19:1	9.48227e-6	1bar	Ecoli	NA	1
1A	CL 67:2_29.21 | 16:0_16:0_17:1_18:1	0.048024515	CL	1	NA	67	2	29.21	NA	16	0	NA	16	0	NA	NA	NA	FALSE	16:0_16:0_17:1_18:1	1.32561e-5	1bar	Ecoli	NA	1
1A	CL 67:2_29.21 | 16:0_17:0_17:1_17:1	0.018484673	CL	1	NA	67	2	29.21	NA	16	0	NA	17	0	NA	NA	NA	FALSE	16:0_17:0_17:1_17:1	5.10228e-6	1bar	Ecoli	NA	1
1A	CL 67:3_28.96 | 16:0_17:1_17:1_17:1	0.085161107	CL	1	NA	67	3	28.96	NA	16	0	NA	17	1	NA	NA	NA	FALSE	16:0_17:1_17:1_17:1	2.35068e-5	1bar	Ecoli	NA	1
1A	CL 67:4_29.12	0.189360654	CL	1	NA	67	4	29.12	NA	NA	NA	NA	NA	NA	NA	NA	NA	FALSE	67:04:00	5.22688e-5	1bar	Ecoli	NA	1
1A	CL 68:2_29.35 | 16:0_16:0_17:1_19:1	2.248118777	CL	1	NA	68	2	29.35	NA	16	0	NA	16	0	NA	NA	NA	FALSE	16:0_16:0_17:1_19:1	6.20543e-4	1bar	Ecoli	NA	1
1A	CL 68:5_29.03	0.183065338	CL	1	NA	68	5	29.03	NA	NA	NA	NA	NA	NA	NA	NA	NA	FALSE	68:05:00	5.05311e-5	1bar	Ecoli	NA	1
1A	CL 69:2_29.53 | 16:0_16:0_18:1_19:1	0.025147174	CL	1	NA	69	2	29.53	NA	16	0	NA	16	0	NA	NA	NA	FALSE	16:0_16:0_18:1_19:1	6.94132e-6	1bar	Ecoli	NA	1
1A	CL 69:2_29.53 | 16:0_17:0_17:1_19:1	0.026082877	CL	1	NA	69	2	29.53	NA	16	0	NA	17	0	NA	NA	NA	FALSE	16:0_17:0_17:1_19:1	7.1996e-6	1bar	Ecoli	NA	1
1A	CL 69:3_29.28 | 14:0_17:1_19:1_19:1	0.025209172	CL	1	NA	69	3	29.28	NA	14	0	NA	17	1	NA	NA	NA	FALSE	14:0_17:1_19:1_19:1	6.95843e-6	1bar	Ecoli	NA	1
1A	CL 69:3_29.28 | 16:0_17:1_17:1_19:1	0.399718034	CL	1	NA	69	3	29.28	NA	16	0	NA	17	1	NA	NA	NA	FALSE	16:0_17:1_17:1_19:1	1.10333e-4	1bar	Ecoli	NA	1
1A	CL 69:4_29.44	0.061139344	CL	1	NA	69	4	29.44	NA	NA	NA	NA	NA	NA	NA	NA	NA	FALSE	69:04:00	1.68762e-5	1bar	Ecoli	NA	1
1A	CL 70:2_29.71 | 16:0_16:0_19:1_19:1	0.576250817	CL	1	NA	70	2	29.71	NA	16	0	NA	16	0	NA	NA	NA	FALSE	16:0_16:0_19:1_19:1	1.59061e-4	1bar	Ecoli	NA	1
1A	CL 70:2_29.71 | 16:0_17:1_18:0_19:1	0.040091546	CL	1	NA	70	2	29.71	NA	16	0	NA	17	1	NA	NA	NA	FALSE	16:0_17:1_18:0_19:1	1.10664e-5	1bar	Ecoli	NA	1
1A	CL 70:5_29.35	0.217918543	CL	1	NA	70	5	29.35	NA	NA	NA	NA	NA	NA	NA	NA	NA	FALSE	70:05:00	6.01516e-5	1bar	Ecoli	NA	1
1A	CL 71:3_29.62 | 16:0_17:1_19:1_19:1	0.426390742	CL	1	NA	71	3	29.62	NA	16	0	NA	17	1	NA	NA	NA	FALSE	16:0_17:1_19:1_19:1	1.17696e-4	1bar	Ecoli	NA	1
1A	CL 71:6_29.28	0.046090307	CL	1	NA	71	6	29.28	NA	NA	NA	NA	NA	NA	NA	NA	NA	FALSE	71:06:00	1.27222e-5	1bar	Ecoli	NA	1
1A	CL 72:5_29.71	0.061322297	CL	1	NA	72	5	29.71	NA	NA	NA	NA	NA	NA	NA	NA	NA	FALSE	72:05:00	1.69267e-5	1bar	Ecoli	NA	1
1A	CL 73:3_29.96 | 16:0_19:1_19:1_19:1	0.18089061	CL	1	NA	73	3	29.96	NA	16	0	NA	19	1	NA	NA	NA	FALSE	16:0_19:1_19:1_19:1	4.99308e-5	1bar	Ecoli	NA	1
1A	CL 73:6_29.62	0.03839229	CL	1	NA	73	6	29.62	NA	NA	NA	NA	NA	NA	NA	NA	NA	FALSE	73:06:00	1.05973e-5	1bar	Ecoli	NA	1
1A	CL 74:4_29.87 | 17:1_19:1_19:1_19:1	0.030195015	CL	1	NA	74	4	29.87	NA	17	1	NA	19	1	NA	NA	NA	FALSE	17:1_19:1_19:1_19:1	8.33466e-6	1bar	Ecoli	NA	1
1B	PE 28:0_11.58 | 14:0/14:0	3.160231792	PE	2	NA	28	0	11.58	NA	14	0	NA	14	0	NA	NA	NA	TRUE	14:0/14:0	8.72312e-4	1bar	Ecoli	NA	1
1B	PE 28:0_11.58 | 16:0/12:0	1.237290431	PE	2	NA	28	0	11.58	NA	16	0	NA	12	0	NA	NA	NA	TRUE	16:0/12:0	3.41527e-4	1bar	Ecoli	NA	1
1B	PE 29:0_12.53 | 15:0/14:0	1.306439517	PE	2	NA	29	0	12.53	NA	15	0	NA	14	0	NA	NA	NA	TRUE	15:0/14:0	3.60614e-4	1bar	Ecoli	NA	1
1B	PE 29:0_12.53 | 16:0/13:0	1.254299549	PE	2	NA	29	0	12.53	NA	16	0	NA	13	0	NA	NA	NA	TRUE	16:0/13:0	3.46222e-4	1bar	Ecoli	NA	1
1B	PE 29:1_11.25 | 12:0/17:1	0.404868661	PE	2	NA	29	1	11.25	NA	12	0	NA	17	1	NA	NA	NA	TRUE	12:0/17:1	1.11755e-4	1bar	Ecoli	NA	1
1B	PE 30:0_13.67 | 16:0/14:0	89.6971163	PE	2	NA	30	0	13.67	NA	16	0	NA	14	0	NA	NA	NA	TRUE	16:0/14:0	0.024758897	1bar	Ecoli	NA	1
1B	PE 30:1_11.94 | 16:1/14:0	0.328785404	PE	2	NA	30	1	11.94	NA	16	1	NA	14	0	NA	NA	NA	TRUE	16:1/14:0	9.07539e-5	1bar	Ecoli	NA	1
1B	PE 30:1_12.22 | 16:0/14:1	2.360464283	PE	2	NA	30	1	12.22	NA	16	0	NA	14	1	NA	NA	NA	TRUE	16:0/14:1	6.51554e-4	1bar	Ecoli	NA	1
1B	PE 31:0_15.01 | 16:0/15:0	8.804612181	PE	2	NA	31	0	15.01	NA	16	0	NA	15	0	NA	NA	NA	TRUE	16:0/15:0	0.002430318	1bar	Ecoli	NA	1
1B	PE 31:1_13.18 | 14:0/17:1	8.500436628	PE	2	NA	31	1	13.18	NA	14	0	NA	17	1	NA	NA	NA	TRUE	14:0/17:1	0.002346357	1bar	Ecoli	NA	1
1B	PE 32:0_16.64 | 16:0/16:0	61.84724045	PE	2	NA	32	0	16.64	NA	16	0	NA	16	0	NA	NA	NA	TRUE	16:0/16:0	0.017071557	1bar	Ecoli	NA	1
1B	PE 32:1_14.36 | 15:0/17:1	5.840727708	PE	2	NA	32	1	14.36	NA	15	0	NA	17	1	NA	NA	NA	TRUE	15:0/17:1	0.001612203	1bar	Ecoli	NA	1
1B	PE 32:1_14.36 | 16:0/16:1	12.81585621	PE	2	NA	32	1	14.36	NA	16	0	NA	16	1	NA	NA	NA	TRUE	16:0/16:1	0.003537532	1bar	Ecoli	NA	1
1B	PE 33:0_18.55 | 16:0/17:0	1.483707082	PE	2	NA	33	0	18.55	NA	16	0	NA	17	0	NA	NA	NA	TRUE	16:0/17:0	4.09544e-4	1bar	Ecoli	NA	1
1B	PE 33:1_16.00 | 16:0/17:1	135.4401563	PE	2	NA	33	1	16	NA	16	0	NA	17	1	NA	NA	NA	TRUE	16:0/17:1	0.037385247	1bar	Ecoli	NA	1
1B	PE 33:2_13.89 | 16:1_17:1	0.233597649	PE	2	NA	33	2	13.89	NA	16	1	NA	17	1	NA	NA	NA	FALSE	16:1_17:1	6.44794e-5	1bar	Ecoli	NA	1
1B	PE 34:0_20.50 | 16:0/18:0	3.1725559	PE	2	NA	34	0	20.5	NA	16	0	NA	18	0	NA	NA	NA	TRUE	16:0/18:0	8.75714e-4	1bar	Ecoli	NA	1
1B	PE 34:1_17.17 | 16:0/18:1	12.68640691	PE	2	NA	34	1	17.17	NA	16	0	NA	18	1	NA	NA	NA	TRUE	16:0/18:1	0.003501801	1bar	Ecoli	NA	1
1B	PE 34:1_17.78 | 15:0/19:1	2.128340068	PE	2	NA	34	1	17.78	NA	15	0	NA	19	1	NA	NA	NA	TRUE	15:0/19:1	5.87481e-4	1bar	Ecoli	NA	1
1B	PE 34:1_17.78 | 16:0/18:1	2.892014571	PE	2	NA	34	1	17.78	NA	16	0	NA	18	1	NA	NA	NA	TRUE	16:0/18:1	7.98276e-4	1bar	Ecoli	NA	1
1B	PE 34:1_17.78 | 17:0/17:1	1.956482294	PE	2	NA	34	1	17.78	NA	17	0	NA	17	1	NA	NA	NA	TRUE	17:0/17:1	5.40043e-4	1bar	Ecoli	NA	1
1B	PE 34:2_14.58 | 18:1/16:1	0.719408819	PE	2	NA	34	2	14.58	NA	18	1	NA	16	1	NA	NA	NA	TRUE	18:1/16:1	1.98577e-4	1bar	Ecoli	NA	1
1B	PE 34:2_15.33 | 17:1/17:1	5.883668031	PE	2	NA	34	2	15.33	NA	17	1	NA	17	1	NA	NA	NA	TRUE	17:1/17:1	0.001624056	1bar	Ecoli	NA	1
1B	PE 35:1_19.58 | 16:0/19:1	82.11736841	PE	2	NA	35	1	19.58	NA	16	0	NA	19	1	NA	NA	NA	TRUE	16:0/19:1	0.022666676	1bar	Ecoli	NA	1
1B	PE 35:2_16.44 | 16:1_19:1	0.151932551	PE	2	NA	35	2	16.44	NA	16	1	NA	19	1	NA	NA	NA	FALSE	16:1_19:1	4.19376e-5	1bar	Ecoli	NA	1
1B	PE 35:2_16.44 | 18:1/17:1	0.601980149	PE	2	NA	35	2	16.44	NA	18	1	NA	17	1	NA	NA	NA	TRUE	18:1/17:1	1.66163e-4	1bar	Ecoli	NA	1
1B	PE 35:2_16.94 | 16:1_19:1	0.181787445	PE	2	NA	35	2	16.94	NA	16	1	NA	19	1	NA	NA	NA	FALSE	16:1_19:1	5.01784e-5	1bar	Ecoli	NA	1
1B	PE 35:2_16.94 | 18:1/17:1	0.193563958	PE	2	NA	35	2	16.94	NA	18	1	NA	17	1	NA	NA	NA	TRUE	18:1/17:1	5.3429e-5	1bar	Ecoli	NA	1
1B	PE 36:1_21.48 | 16:0_20:1	0.228748949	PE	2	NA	36	1	21.48	NA	16	0	NA	20	1	NA	NA	NA	FALSE	16:0_20:1	6.31411e-5	1bar	Ecoli	NA	1
1B	PE 36:1_21.48 | 17:0/19:1	1.548158685	PE	2	NA	36	1	21.48	NA	17	0	NA	19	1	NA	NA	NA	TRUE	17:0/19:1	4.27335e-4	1bar	Ecoli	NA	1
1B	PE 36:2_18.83 | 19:1/17:1	26.50788092	PE	2	NA	36	2	18.83	NA	19	1	NA	17	1	NA	NA	NA	TRUE	19:1/17:1	0.007316912	1bar	Ecoli	NA	1
1B	PE 37:1_23.32 | 18:0/19:1	1.696365889	PE	2	NA	37	1	23.32	NA	18	0	NA	19	1	NA	NA	NA	TRUE	18:0/19:1	4.68244e-4	1bar	Ecoli	NA	1
1B	PE 37:2_20.08 | 18:1/19:1	0.656398916	PE	2	NA	37	2	20.08	NA	18	1	NA	19	1	NA	NA	NA	TRUE	18:1/19:1	1.81184e-4	1bar	Ecoli	NA	1
1B	PE 37:2_20.78 | 17:1_20:1	0.037164073	PE	2	NA	37	2	20.78	NA	17	1	NA	20	1	NA	NA	NA	FALSE	17:1_20:1	1.02583e-5	1bar	Ecoli	NA	1
1B	PE 37:2_20.78 | 18:1/19:1	0.248536199	PE	2	NA	37	2	20.78	NA	18	1	NA	19	1	NA	NA	NA	TRUE	18:1/19:1	6.86029e-5	1bar	Ecoli	NA	1
1B	PE 38:2_22.46 | 19:1/19:1	13.10160333	PE	2	NA	38	2	22.46	NA	19	1	NA	19	1	NA	NA	NA	TRUE	19:1/19:1	0.003616407	1bar	Ecoli	NA	1
1B	PG 28:0_10.25 | 14:0/14:0	0.095018009	PG	2	NA	28	0	10.25	NA	14	0	NA	14	0	NA	NA	NA	TRUE	14:0/14:0	2.62276e-5	1bar	Ecoli	NA	1
1B	PG 28:0_10.25 | 16:0/12:0	0.032523212	PG	2	NA	28	0	10.25	NA	16	0	NA	12	0	NA	NA	NA	TRUE	16:0/12:0	8.97731e-6	1bar	Ecoli	NA	1
1B	PG 30:0_11.73 | 16:0/14:0	5.717341407	PG	2	NA	30	0	11.73	NA	16	0	NA	14	0	NA	NA	NA	TRUE	16:0/14:0	0.001578145	1bar	Ecoli	NA	1
1B	PG 30:1_10.66 | 16:0/14:1	0.046686647	PG	2	NA	30	1	10.66	NA	16	0	NA	14	1	NA	NA	NA	TRUE	16:0/14:1	1.28868e-5	1bar	Ecoli	NA	1
1B	PG 31:0_12.66 | 15:0_16:0	0.199500741	PG	2	NA	31	0	12.66	NA	15	0	NA	16	0	NA	NA	NA	FALSE	15:0_16:0	5.50677e-5	1bar	Ecoli	NA	1
1B	PG 31:1_11.38 | 14:0/17:1	0.302020664	PG	2	NA	31	1	11.38	NA	14	0	NA	17	1	NA	NA	NA	TRUE	14:0/17:1	8.33661e-5	1bar	Ecoli	NA	1
1B	PG 32:0_13.77 | 16:0/16:0	6.279485308	PG	2	NA	32	0	13.77	NA	16	0	NA	16	0	NA	NA	NA	TRUE	16:0/16:0	0.001733312	1bar	Ecoli	NA	1
1B	PG 32:1_12.11 | 16:0/16:1	3.873747218	PG	2	NA	32	1	12.11	NA	16	0	NA	16	1	NA	NA	NA	TRUE	16:0/16:1	0.001069262	1bar	Ecoli	NA	1
1B	PG 33:0_15.11 | 16:0_17:0	0.071325235	PG	2	NA	33	0	15.11	NA	16	0	NA	17	0	NA	NA	NA	FALSE	16:0_17:0	1.96877e-5	1bar	Ecoli	NA	1
1B	PG 33:1_13.31 | 16:0/17:1	30.35607829	PG	2	NA	33	1	13.31	NA	16	0	NA	17	1	NA	NA	NA	TRUE	16:0/17:1	0.008379121	1bar	Ecoli	NA	1
1B	PG 34:0_16.75 | 16:0_18:0	0.167651995	PG	2	NA	34	0	16.75	NA	16	0	NA	18	0	NA	NA	NA	FALSE	16:0_18:0	4.62766e-5	1bar	Ecoli	NA	1
1B	PG 34:1_14.11 | 16:0/18:1	2.084684252	PG	2	NA	34	1	14.11	NA	16	0	NA	18	1	NA	NA	NA	TRUE	16:0/18:1	5.75431e-4	1bar	Ecoli	NA	1
1B	PG 34:1_14.53 | 15:0/19:1	0.131254098	PG	2	NA	34	1	14.53	NA	15	0	NA	19	1	NA	NA	NA	TRUE	15:0/19:1	3.62298e-5	1bar	Ecoli	NA	1
1B	PG 34:1_14.53 | 16:0/18:1	0.179812068	PG	2	NA	34	1	14.53	NA	16	0	NA	18	1	NA	NA	NA	TRUE	16:0/18:1	4.96331e-5	1bar	Ecoli	NA	1
1B	PG 34:1_14.53 | 17:0/17:1	0.250419751	PG	2	NA	34	1	14.53	NA	17	0	NA	17	1	NA	NA	NA	TRUE	17:0/17:1	6.91228e-5	1bar	Ecoli	NA	1
1B	PG 34:2_12.38 | 18:1/16:1	0.755639655	PG	2	NA	34	2	12.38	NA	18	1	NA	16	1	NA	NA	NA	TRUE	18:1/16:1	2.08578e-4	1bar	Ecoli	NA	1
1B	PG 34:2_12.85 | 17:1/17:1	0.469574294	PG	2	NA	34	2	12.85	NA	17	1	NA	17	1	NA	NA	NA	TRUE	17:1/17:1	1.29616e-4	1bar	Ecoli	NA	1
1B	PG 35:1_15.90 | 16:0/19:1	9.951848733	PG	2	NA	35	1	15.9	NA	16	0	NA	19	1	NA	NA	NA	TRUE	16:0/19:1	0.002746987	1bar	Ecoli	NA	1
1B	PG 36:1_17.66 | 16:0/20:1	0.030536633	PG	2	NA	36	1	17.66	NA	16	0	NA	20	1	NA	NA	NA	TRUE	16:0/20:1	8.42896e-6	1bar	Ecoli	NA	1
1B	PG 36:1_17.66 | 17:0/19:1	0.128131436	PG	2	NA	36	1	17.66	NA	17	0	NA	19	1	NA	NA	NA	TRUE	17:0/19:1	3.53678e-5	1bar	Ecoli	NA	1
1B	PG 36:2_14.46 | 18:1/18:1	0.563049322	PG	2	NA	36	2	14.46	NA	18	1	NA	18	1	NA	NA	NA	TRUE	18:1/18:1	1.55417e-4	1bar	Ecoli	NA	1
1B	PG 36:2_15.33 | 17:1_19:1	2.451698242	PG	2	NA	36	2	15.33	NA	17	1	NA	19	1	NA	NA	NA	FALSE	17:1_19:1	6.76737e-4	1bar	Ecoli	NA	1
1B	PG 38:2_18.64 | 19:1/19:1	1.910276904	PG	2	NA	38	2	18.64	NA	19	1	NA	19	1	NA	NA	NA	TRUE	19:1/19:1	5.2729e-4	1bar	Ecoli	NA	1
1B	CL 62:1_28.64 | 14:0_15:0_16:0_17:1	0.011341134	CL	1	NA	62	1	28.64	NA	14	0	NA	15	0	NA	NA	NA	FALSE	14:0_15:0_16:0_17:1	3.13047e-6	1bar	Ecoli	NA	1
1B	CL 62:1_28.64 | 14:0_16:0_16:0_16:1	0.044224558	CL	1	NA	62	1	28.64	NA	14	0	NA	16	0	NA	NA	NA	FALSE	14:0_16:0_16:0_16:1	1.22072e-5	1bar	Ecoli	NA	1
1B	CL 62:1_28.64 | 15:0_15:0_16:0_16:1	0.009000822	CL	1	NA	62	1	28.64	NA	15	0	NA	15	0	NA	NA	NA	FALSE	15:0_15:0_16:0_16:1	2.48448e-6	1bar	Ecoli	NA	1
1B	CL 63:1_28.82 | 14:0_16:0_16:0_17:1	1.535758501	CL	1	NA	63	1	28.82	NA	14	0	NA	16	0	NA	NA	NA	FALSE	14:0_16:0_16:0_17:1	4.23912e-4	1bar	Ecoli	NA	1
1B	CL 64:0_29.21 | 16:0_16:0_16:0_16:0	0.194340869	CL	1	NA	64	0	29.21	NA	16	0	NA	16	0	NA	NA	NA	FALSE	16:0_16:0_16:0_16:0	5.36435e-5	1bar	Ecoli	NA	1
1B	CL 64:1_28.94 | 14:0_16:0_17:0_17:1	0.009777815	CL	1	NA	64	1	28.94	NA	14	0	NA	16	0	NA	NA	NA	FALSE	14:0_16:0_17:0_17:1	2.69895e-6	1bar	Ecoli	NA	1
1B	CL 64:1_28.94 | 15:0_16:0_16:0_17:1	0.044561876	CL	1	NA	64	1	28.94	NA	15	0	NA	16	0	NA	NA	NA	FALSE	15:0_16:0_16:0_17:1	1.23003e-5	1bar	Ecoli	NA	1
1B	CL 64:1_28.94 | 16:0_16:0_16:0_16:1	0.041218921	CL	1	NA	64	1	28.94	NA	16	0	NA	16	0	NA	NA	NA	FALSE	16:0_16:0_16:0_16:1	1.13776e-5	1bar	Ecoli	NA	1
1B	CL 64:2_28.73 | 14:0_16:0_17:1_17:1	0.105893019	CL	1	NA	64	2	28.73	NA	14	0	NA	16	0	NA	NA	NA	FALSE	14:0_16:0_17:1_17:1	2.92294e-5	1bar	Ecoli	NA	1
1B	CL 64:3_28.89	0.045415566	CL	1	NA	64	3	28.89	NA	NA	NA	NA	NA	NA	NA	NA	NA	FALSE	64:03:00	1.2536e-5	1bar	Ecoli	NA	1
1B	CL 65:1_29.12 | 14:0_16:0_16:0_19:1	0.527682559	CL	1	NA	65	1	29.12	NA	14	0	NA	16	0	NA	NA	NA	FALSE	14:0_16:0_16:0_19:1	1.45655e-4	1bar	Ecoli	NA	1
1B	CL 65:1_29.12 | 16:0_16:0_16:0_17:1	1.402425946	CL	1	NA	65	1	29.12	NA	16	0	NA	16	0	NA	NA	NA	FALSE	16:0_16:0_16:0_17:1	3.87109e-4	1bar	Ecoli	NA	1
1B	CL 65:2_28.89 | 15:0_16:0_17:1_17:1	0.036598144	CL	1	NA	65	2	28.89	NA	15	0	NA	16	0	NA	NA	NA	FALSE	15:0_16:0_17:1_17:1	1.01021e-5	1bar	Ecoli	NA	1
1B	CL 65:2_28.89 | 16:0_16:0_16:1_17:1	0.114530083	CL	1	NA	65	2	28.89	NA	16	0	NA	16	0	NA	NA	NA	FALSE	16:0_16:0_16:1_17:1	3.16135e-5	1bar	Ecoli	NA	1
1B	CL 65:4_28.80	0.181045978	CL	1	NA	65	4	28.8	NA	NA	NA	NA	NA	NA	NA	NA	NA	FALSE	65:04:00	4.99737e-5	1bar	Ecoli	NA	1
1B	CL 66:2_29.03 | 14:0_16:0_17:1_19:1	0.166241671	CL	1	NA	66	2	29.03	NA	14	0	NA	16	0	NA	NA	NA	FALSE	14:0_16:0_17:1_19:1	4.58873e-5	1bar	Ecoli	NA	1
1B	CL 66:2_29.03 | 16:0_16:0_17:1_17:1	2.084117522	CL	1	NA	66	2	29.03	NA	16	0	NA	16	0	NA	NA	NA	FALSE	16:0_16:0_17:1_17:1	5.75274e-4	1bar	Ecoli	NA	1
1B	CL 67:1_29.46 | 16:0_16:0_16:0_19:1	0.651505388	CL	1	NA	67	1	29.46	NA	16	0	NA	16	0	NA	NA	NA	FALSE	16:0_16:0_16:0_19:1	1.79834e-4	1bar	Ecoli	NA	1
1B	CL 67:1_29.46 | 16:0_16:0_17:1_18:0	0.123589629	CL	1	NA	67	1	29.46	NA	16	0	NA	16	0	NA	NA	NA	FALSE	16:0_16:0_17:1_18:0	3.41142e-5	1bar	Ecoli	NA	1
1B	CL 67:2_29.21 | 15:0_16:0_17:1_19:1	0.016110651	CL	1	NA	67	2	29.21	NA	15	0	NA	16	0	NA	NA	NA	FALSE	15:0_16:0_17:1_19:1	4.44699e-6	1bar	Ecoli	NA	1
1B	CL 67:2_29.21 | 16:0_16:0_16:1_19:1	0.03505662	CL	1	NA	67	2	29.21	NA	16	0	NA	16	0	NA	NA	NA	FALSE	16:0_16:0_16:1_19:1	9.6766e-6	1bar	Ecoli	NA	1
1B	CL 67:2_29.21 | 16:0_16:0_17:1_18:1	0.048779726	CL	1	NA	67	2	29.21	NA	16	0	NA	16	0	NA	NA	NA	FALSE	16:0_16:0_17:1_18:1	1.34646e-5	1bar	Ecoli	NA	1
1B	CL 67:2_29.21 | 16:0_17:0_17:1_17:1	0.020621978	CL	1	NA	67	2	29.21	NA	16	0	NA	17	0	NA	NA	NA	FALSE	16:0_17:0_17:1_17:1	5.69224e-6	1bar	Ecoli	NA	1
1B	CL 67:3_28.96 | 16:0_17:1_17:1_17:1	0.088508984	CL	1	NA	67	3	28.96	NA	16	0	NA	17	1	NA	NA	NA	FALSE	16:0_17:1_17:1_17:1	2.44309e-5	1bar	Ecoli	NA	1
1B	CL 67:4_29.12	0.183399195	CL	1	NA	67	4	29.12	NA	NA	NA	NA	NA	NA	NA	NA	NA	FALSE	67:04:00	5.06233e-5	1bar	Ecoli	NA	1
1B	CL 68:2_29.35 | 16:0_16:0_17:1_19:1	2.064002258	CL	1	NA	68	2	29.35	NA	16	0	NA	16	0	NA	NA	NA	FALSE	16:0_16:0_17:1_19:1	5.69722e-4	1bar	Ecoli	NA	1
1B	CL 68:5_29.03	0.21416568	CL	1	NA	68	5	29.03	NA	NA	NA	NA	NA	NA	NA	NA	NA	FALSE	68:05:00	5.91157e-5	1bar	Ecoli	NA	1
1B	CL 69:2_29.53 | 16:0_16:0_18:1_19:1	0.024231639	CL	1	NA	69	2	29.53	NA	16	0	NA	16	0	NA	NA	NA	FALSE	16:0_16:0_18:1_19:1	6.68861e-6	1bar	Ecoli	NA	1
1B	CL 69:2_29.53 | 16:0_17:0_17:1_19:1	0.037226038	CL	1	NA	69	2	29.53	NA	16	0	NA	17	0	NA	NA	NA	FALSE	16:0_17:0_17:1_19:1	1.02754e-5	1bar	Ecoli	NA	1
1B	CL 69:3_29.28 | 16:0_17:1_17:1_19:1	0.452068998	CL	1	NA	69	3	29.28	NA	16	0	NA	17	1	NA	NA	NA	FALSE	16:0_17:1_17:1_19:1	1.24784e-4	1bar	Ecoli	NA	1
1B	CL 69:4_29.44	0.066034066	CL	1	NA	69	4	29.44	NA	NA	NA	NA	NA	NA	NA	NA	NA	FALSE	69:04:00	1.82272e-5	1bar	Ecoli	NA	1
1B	CL 70:2_29.71 | 16:0_16:0_19:1_19:1	0.766182299	CL	1	NA	70	2	29.71	NA	16	0	NA	16	0	NA	NA	NA	FALSE	16:0_16:0_19:1_19:1	2.11488e-4	1bar	Ecoli	NA	1
1B	CL 70:2_29.71 | 16:0_17:1_18:0_19:1	0.055983415	CL	1	NA	70	2	29.71	NA	16	0	NA	17	1	NA	NA	NA	FALSE	16:0_17:1_18:0_19:1	1.5453e-5	1bar	Ecoli	NA	1
1B	CL 70:5_29.35	0.241042418	CL	1	NA	70	5	29.35	NA	NA	NA	NA	NA	NA	NA	NA	NA	FALSE	70:05:00	6.65344e-5	1bar	Ecoli	NA	1
1B	CL 71:3_29.62 | 16:0_17:1_19:1_19:1	0.532973083	CL	1	NA	71	3	29.62	NA	16	0	NA	17	1	NA	NA	NA	FALSE	16:0_17:1_19:1_19:1	1.47115e-4	1bar	Ecoli	NA	1
1B	CL 71:6_29.28	0.04355023	CL	1	NA	71	6	29.28	NA	NA	NA	NA	NA	NA	NA	NA	NA	FALSE	71:06:00	1.20211e-5	1bar	Ecoli	NA	1
1B	CL 72:5_29.71	0.069741549	CL	1	NA	72	5	29.71	NA	NA	NA	NA	NA	NA	NA	NA	NA	FALSE	72:05:00	1.92506e-5	1bar	Ecoli	NA	1
1B	CL 73:3_29.96 | 16:0_19:1_19:1_19:1	0.267933541	CL	1	NA	73	3	29.96	NA	16	0	NA	19	1	NA	NA	NA	FALSE	16:0_19:1_19:1_19:1	7.39571e-5	1bar	Ecoli	NA	1
1B	CL 73:6_29.62	0.045409847	CL	1	NA	73	6	29.62	NA	NA	NA	NA	NA	NA	NA	NA	NA	FALSE	73:06:00	1.25344e-5	1bar	Ecoli	NA	1
1C	PE 28:0_11.58 | 14:0/14:0	3.851168876	PE	2	NA	28	0	11.58	NA	14	0	NA	14	0	NA	NA	NA	TRUE	14:0/14:0	0.00106303	1bar	Ecoli	NA	1
1C	PE 28:0_11.58 | 16:0/12:0	1.677817619	PE	2	NA	28	0	11.58	NA	16	0	NA	12	0	NA	NA	NA	TRUE	16:0/12:0	4.63124e-4	1bar	Ecoli	NA	1
1C	PE 29:0_12.53 | 15:0/14:0	1.542969216	PE	2	NA	29	0	12.53	NA	15	0	NA	14	0	NA	NA	NA	TRUE	15:0/14:0	4.25902e-4	1bar	Ecoli	NA	1
1C	PE 29:0_12.53 | 16:0/13:0	1.260802361	PE	2	NA	29	0	12.53	NA	16	0	NA	13	0	NA	NA	NA	TRUE	16:0/13:0	3.48016e-4	1bar	Ecoli	NA	1
1C	PE 30:0_13.67 | 16:0/14:0	124.4165705	PE	2	NA	30	0	13.67	NA	16	0	NA	14	0	NA	NA	NA	TRUE	16:0/14:0	0.034342431	1bar	Ecoli	NA	1
1C	PE 30:1_11.94 | 16:1/14:0	0.301054058	PE	2	NA	30	1	11.94	NA	16	1	NA	14	0	NA	NA	NA	TRUE	16:1/14:0	8.30993e-5	1bar	Ecoli	NA	1
1C	PE 30:1_12.22 | 16:0/14:1	2.603343471	PE	2	NA	30	1	12.22	NA	16	0	NA	14	1	NA	NA	NA	TRUE	16:0/14:1	7.18595e-4	1bar	Ecoli	NA	1
1C	PE 31:0_15.01 | 16:0/15:0	9.187587471	PE	2	NA	31	0	15.01	NA	16	0	NA	15	0	NA	NA	NA	TRUE	16:0/15:0	0.002536029	1bar	Ecoli	NA	1
1C	PE 31:1_13.18 | 14:0/17:1	9.7318364	PE	2	NA	31	1	13.18	NA	14	0	NA	17	1	NA	NA	NA	TRUE	14:0/17:1	0.002686257	1bar	Ecoli	NA	1
1C	PE 32:0_16.64 | 16:0/16:0	86.52107307	PE	2	NA	32	0	16.64	NA	16	0	NA	16	0	NA	NA	NA	TRUE	16:0/16:0	0.023882221	1bar	Ecoli	NA	1
1C	PE 32:1_14.36 | 15:0/17:1	6.877329971	PE	2	NA	32	1	14.36	NA	15	0	NA	17	1	NA	NA	NA	TRUE	15:0/17:1	0.001898334	1bar	Ecoli	NA	1
1C	PE 32:1_14.36 | 16:0/16:1	13.79844982	PE	2	NA	32	1	14.36	NA	16	0	NA	16	1	NA	NA	NA	TRUE	16:0/16:1	0.003808756	1bar	Ecoli	NA	1
1C	PE 33:0_18.55 | 16:0/17:0	1.361323448	PE	2	NA	33	0	18.55	NA	16	0	NA	17	0	NA	NA	NA	TRUE	16:0/17:0	3.75763e-4	1bar	Ecoli	NA	1
1C	PE 33:1_16.00 | 16:0/17:1	208.3682047	PE	2	NA	33	1	16	NA	16	0	NA	17	1	NA	NA	NA	TRUE	16:0/17:1	0.057515416	1bar	Ecoli	NA	1
1C	PE 33:2_13.89 | 16:1_17:1	0.222583226	PE	2	NA	33	2	13.89	NA	16	1	NA	17	1	NA	NA	NA	FALSE	16:1_17:1	6.14392e-5	1bar	Ecoli	NA	1
1C	PE 34:0_20.50 | 16:0/18:0	3.270645558	PE	2	NA	34	0	20.5	NA	16	0	NA	18	0	NA	NA	NA	TRUE	16:0/18:0	9.02789e-4	1bar	Ecoli	NA	1
1C	PE 34:1_17.17 | 16:0/18:1	14.92662659	PE	2	NA	34	1	17.17	NA	16	0	NA	18	1	NA	NA	NA	TRUE	16:0/18:1	0.004120164	1bar	Ecoli	NA	1
1C	PE 34:1_17.78 | 15:0/19:1	1.197540545	PE	2	NA	34	1	17.78	NA	15	0	NA	19	1	NA	NA	NA	TRUE	15:0/19:1	3.30554e-4	1bar	Ecoli	NA	1
1C	PE 34:1_17.78 | 16:0/18:1	1.984495489	PE	2	NA	34	1	17.78	NA	16	0	NA	18	1	NA	NA	NA	TRUE	16:0/18:1	5.47776e-4	1bar	Ecoli	NA	1
1C	PE 34:1_17.78 | 17:0/17:1	3.698835247	PE	2	NA	34	1	17.78	NA	17	0	NA	17	1	NA	NA	NA	TRUE	17:0/17:1	0.001020981	1bar	Ecoli	NA	1
1C	PE 34:2_14.58 | 18:1/16:1	0.61247163	PE	2	NA	34	2	14.58	NA	18	1	NA	16	1	NA	NA	NA	TRUE	18:1/16:1	1.69059e-4	1bar	Ecoli	NA	1
1C	PE 34:2_15.33 | 17:1/17:1	6.083760256	PE	2	NA	34	2	15.33	NA	17	1	NA	17	1	NA	NA	NA	TRUE	17:1/17:1	0.001679287	1bar	Ecoli	NA	1
1C	PE 35:1_19.58 | 16:0/19:1	102.8232722	PE	2	NA	35	1	19.58	NA	16	0	NA	19	1	NA	NA	NA	TRUE	16:0/19:1	0.028382081	1bar	Ecoli	NA	1
1C	PE 35:2_16.44 | 16:1_19:1	0.136027352	PE	2	NA	35	2	16.44	NA	16	1	NA	19	1	NA	NA	NA	FALSE	16:1_19:1	3.75473e-5	1bar	Ecoli	NA	1
1C	PE 35:2_16.44 | 18:1/17:1	0.783593838	PE	2	NA	35	2	16.44	NA	18	1	NA	17	1	NA	NA	NA	TRUE	18:1/17:1	2.16294e-4	1bar	Ecoli	NA	1
1C	PE 35:2_16.94 | 16:1_19:1	0.174535159	PE	2	NA	35	2	16.94	NA	16	1	NA	19	1	NA	NA	NA	FALSE	16:1_19:1	4.81766e-5	1bar	Ecoli	NA	1
1C	PE 35:2_16.94 | 18:1/17:1	0.177352691	PE	2	NA	35	2	16.94	NA	18	1	NA	17	1	NA	NA	NA	TRUE	18:1/17:1	4.89543e-5	1bar	Ecoli	NA	1
1C	PE 36:1_21.48 | 16:0_20:1	0.186376102	PE	2	NA	36	1	21.48	NA	16	0	NA	20	1	NA	NA	NA	FALSE	16:0_20:1	5.1445e-5	1bar	Ecoli	NA	1
1C	PE 36:1_21.48 | 17:0/19:1	1.341153288	PE	2	NA	36	1	21.48	NA	17	0	NA	19	1	NA	NA	NA	TRUE	17:0/19:1	3.70196e-4	1bar	Ecoli	NA	1
1C	PE 36:2_18.83 | 19:1/17:1	28.38096082	PE	2	NA	36	2	18.83	NA	19	1	NA	17	1	NA	NA	NA	TRUE	19:1/17:1	0.007833934	1bar	Ecoli	NA	1
1C	PE 37:1_23.32 | 18:0/19:1	1.595329005	PE	2	NA	37	1	23.32	NA	18	0	NA	19	1	NA	NA	NA	TRUE	18:0/19:1	4.40355e-4	1bar	Ecoli	NA	1
1C	PE 37:2_20.08 | 18:1/19:1	0.617001451	PE	2	NA	37	2	20.08	NA	18	1	NA	19	1	NA	NA	NA	TRUE	18:1/19:1	1.7031e-4	1bar	Ecoli	NA	1
1C	PE 38:2_22.46 | 19:1/19:1	13.25646736	PE	2	NA	38	2	22.46	NA	19	1	NA	19	1	NA	NA	NA	TRUE	19:1/19:1	0.003659153	1bar	Ecoli	NA	1
1C	PG 28:0_10.25 | 14:0/14:0	0.061260954	PG	2	NA	28	0	10.25	NA	14	0	NA	14	0	NA	NA	NA	TRUE	14:0/14:0	1.69097e-5	1bar	Ecoli	NA	1
1C	PG 28:0_10.25 | 16:0/12:0	0.019834857	PG	2	NA	28	0	10.25	NA	16	0	NA	12	0	NA	NA	NA	TRUE	16:0/12:0	5.47497e-6	1bar	Ecoli	NA	1
1C	PG 30:0_11.73 | 16:0/14:0	5.146656746	PG	2	NA	30	0	11.73	NA	16	0	NA	14	0	NA	NA	NA	TRUE	16:0/14:0	0.00142062	1bar	Ecoli	NA	1
1C	PG 31:0_12.66 | 15:0_16:0	0.189451656	PG	2	NA	31	0	12.66	NA	15	0	NA	16	0	NA	NA	NA	FALSE	15:0_16:0	5.22939e-5	1bar	Ecoli	NA	1
1C	PG 31:1_11.38 | 14:0/17:1	0.291930013	PG	2	NA	31	1	11.38	NA	14	0	NA	17	1	NA	NA	NA	TRUE	14:0/17:1	8.05808e-5	1bar	Ecoli	NA	1
1C	PG 32:0_13.77 | 16:0/16:0	6.876869757	PG	2	NA	32	0	13.77	NA	16	0	NA	16	0	NA	NA	NA	TRUE	16:0/16:0	0.001898207	1bar	Ecoli	NA	1
1C	PG 32:1_12.11 | 15:0/17:1	0.341165759	PG	2	NA	32	1	12.11	NA	15	0	NA	17	1	NA	NA	NA	TRUE	15:0/17:1	9.41712e-5	1bar	Ecoli	NA	1
1C	PG 32:1_12.11 | 16:0/16:1	2.655719323	PG	2	NA	32	1	12.11	NA	16	0	NA	16	1	NA	NA	NA	TRUE	16:0/16:1	7.33052e-4	1bar	Ecoli	NA	1
1C	PG 32:2_10.81	0.056028973	PG	2	NA	32	2	10.81	NA	NA	NA	NA	NA	NA	NA	NA	NA	FALSE	32:02:00	1.54656e-5	1bar	Ecoli	NA	1
1C	PG 33:1_13.31 | 16:0/17:1	27.09174603	PG	2	NA	33	1	13.31	NA	16	0	NA	17	1	NA	NA	NA	TRUE	16:0/17:1	0.007478075	1bar	Ecoli	NA	1
1C	PG 34:1_14.11 | 16:0/18:1	1.510275831	PG	2	NA	34	1	14.11	NA	16	0	NA	18	1	NA	NA	NA	TRUE	16:0/18:1	4.16878e-4	1bar	Ecoli	NA	1
1C	PG 34:1_14.53 | 16:0/18:1	0.144064508	PG	2	NA	34	1	14.53	NA	16	0	NA	18	1	NA	NA	NA	TRUE	16:0/18:1	3.97658e-5	1bar	Ecoli	NA	1
1C	PG 34:1_14.53 | 17:0/17:1	0.181207147	PG	2	NA	34	1	14.53	NA	17	0	NA	17	1	NA	NA	NA	TRUE	17:0/17:1	5.00182e-5	1bar	Ecoli	NA	1
1C	PG 34:2_12.38 | 18:1/16:1	0.464829314	PG	2	NA	34	2	12.38	NA	18	1	NA	16	1	NA	NA	NA	TRUE	18:1/16:1	1.28306e-4	1bar	Ecoli	NA	1
1C	PG 34:2_12.85 | 17:1/17:1	0.375476299	PG	2	NA	34	2	12.85	NA	17	1	NA	17	1	NA	NA	NA	TRUE	17:1/17:1	1.03642e-4	1bar	Ecoli	NA	1
1C	PG 35:1_15.90 | 16:0/19:1	9.215364912	PG	2	NA	35	1	15.9	NA	16	0	NA	19	1	NA	NA	NA	TRUE	16:0/19:1	0.002543697	1bar	Ecoli	NA	1
1C	PG 36:2_14.46 | 18:1/18:1	0.314774812	PG	2	NA	36	2	14.46	NA	18	1	NA	18	1	NA	NA	NA	TRUE	18:1/18:1	8.68866e-5	1bar	Ecoli	NA	1
1C	PG 36:2_15.33 | 17:1_19:1	2.041601865	PG	2	NA	36	2	15.33	NA	17	1	NA	19	1	NA	NA	NA	FALSE	17:1_19:1	5.63539e-4	1bar	Ecoli	NA	1
1C	PG 38:2_18.64 | 19:1/19:1	1.623696294	PG	2	NA	38	2	18.64	NA	19	1	NA	19	1	NA	NA	NA	TRUE	19:1/19:1	4.48185e-4	1bar	Ecoli	NA	1
1C	CL 63:1_28.82 | 14:0_16:0_16:0_17:1	1.847283596	CL	1	NA	63	1	28.82	NA	14	0	NA	16	0	NA	NA	NA	FALSE	14:0_16:0_16:0_17:1	5.09902e-4	1bar	Ecoli	NA	1
1C	CL 64:0_29.21 | 16:0_16:0_16:0_16:0	0.377959598	CL	1	NA	64	0	29.21	NA	16	0	NA	16	0	NA	NA	NA	FALSE	16:0_16:0_16:0_16:0	1.04327e-4	1bar	Ecoli	NA	1
1C	CL 64:1_28.94 | 14:0_16:0_16:0_18:1	0.022476303	CL	1	NA	64	1	28.94	NA	14	0	NA	16	0	NA	NA	NA	FALSE	14:0_16:0_16:0_18:1	6.20408e-6	1bar	Ecoli	NA	1
1C	CL 64:1_28.94 | 15:0_16:0_16:0_17:1	0.05694679	CL	1	NA	64	1	28.94	NA	15	0	NA	16	0	NA	NA	NA	FALSE	15:0_16:0_16:0_17:1	1.57189e-5	1bar	Ecoli	NA	1
1C	CL 64:1_28.94 | 16:0_16:0_16:0_16:1	0.035596479	CL	1	NA	64	1	28.94	NA	16	0	NA	16	0	NA	NA	NA	FALSE	16:0_16:0_16:0_16:1	9.82562e-6	1bar	Ecoli	NA	1
1C	CL 64:2_28.73 | 14:0_16:0_17:1_17:1	0.117866711	CL	1	NA	64	2	28.73	NA	14	0	NA	16	0	NA	NA	NA	FALSE	14:0_16:0_17:1_17:1	3.25345e-5	1bar	Ecoli	NA	1
1C	CL 64:3_28.89	0.037960731	CL	1	NA	64	3	28.89	NA	NA	NA	NA	NA	NA	NA	NA	NA	FALSE	64:03:00	1.04782e-5	1bar	Ecoli	NA	1
1C	CL 65:1_29.12 | 14:0_16:0_16:0_19:1	0.687681323	CL	1	NA	65	1	29.12	NA	14	0	NA	16	0	NA	NA	NA	FALSE	14:0_16:0_16:0_19:1	1.89819e-4	1bar	Ecoli	NA	1
1C	CL 65:1_29.12 | 16:0_16:0_16:0_17:1	1.878647395	CL	1	NA	65	1	29.12	NA	16	0	NA	16	0	NA	NA	NA	FALSE	16:0_16:0_16:0_17:1	5.18559e-4	1bar	Ecoli	NA	1
1C	CL 65:2_28.89 | 15:0_16:0_17:1_17:1	0.032196876	CL	1	NA	65	2	28.89	NA	15	0	NA	16	0	NA	NA	NA	FALSE	15:0_16:0_17:1_17:1	8.88723e-6	1bar	Ecoli	NA	1
1C	CL 65:2_28.89 | 16:0_16:0_16:1_17:1	0.149750485	CL	1	NA	65	2	28.89	NA	16	0	NA	16	0	NA	NA	NA	FALSE	16:0_16:0_16:1_17:1	4.13353e-5	1bar	Ecoli	NA	1
1C	CL 65:4_28.80	0.156351749	CL	1	NA	65	4	28.8	NA	NA	NA	NA	NA	NA	NA	NA	NA	FALSE	65:04:00	4.31574e-5	1bar	Ecoli	NA	1
1C	CL 66:2_29.03 | 14:0_16:0_17:1_19:1	0.153629837	CL	1	NA	66	2	29.03	NA	14	0	NA	16	0	NA	NA	NA	FALSE	14:0_16:0_17:1_19:1	4.24061e-5	1bar	Ecoli	NA	1
1C	CL 66:2_29.03 | 16:0_16:0_17:1_17:1	2.207874748	CL	1	NA	66	2	29.03	NA	16	0	NA	16	0	NA	NA	NA	FALSE	16:0_16:0_17:1_17:1	6.09435e-4	1bar	Ecoli	NA	1
1C	CL 67:1_29.46 | 16:0_16:0_16:0_19:1	0.607634693	CL	1	NA	67	1	29.46	NA	16	0	NA	16	0	NA	NA	NA	FALSE	16:0_16:0_16:0_19:1	1.67724e-4	1bar	Ecoli	NA	1
1C	CL 67:1_29.46 | 16:0_16:0_17:1_18:0	0.123647517	CL	1	NA	67	1	29.46	NA	16	0	NA	16	0	NA	NA	NA	FALSE	16:0_16:0_17:1_18:0	3.41302e-5	1bar	Ecoli	NA	1
1C	CL 67:2_29.21 | 15:0_16:0_17:1_19:1	0.041563963	CL	1	NA	67	2	29.21	NA	15	0	NA	16	0	NA	NA	NA	FALSE	15:0_16:0_17:1_19:1	1.14728e-5	1bar	Ecoli	NA	1
1C	CL 67:2_29.21 | 16:0_16:0_17:1_18:1	0.080501705	CL	1	NA	67	2	29.21	NA	16	0	NA	16	0	NA	NA	NA	FALSE	16:0_16:0_17:1_18:1	2.22207e-5	1bar	Ecoli	NA	1
1C	CL 67:3_28.96 | 16:0_17:1_17:1_17:1	0.069627705	CL	1	NA	67	3	28.96	NA	16	0	NA	17	1	NA	NA	NA	FALSE	16:0_17:1_17:1_17:1	1.92192e-5	1bar	Ecoli	NA	1
1C	CL 67:4_29.12	0.194162775	CL	1	NA	67	4	29.12	NA	NA	NA	NA	NA	NA	NA	NA	NA	FALSE	67:04:00	5.35943e-5	1bar	Ecoli	NA	1
1C	CL 68:2_29.35 | 16:0_16:0_17:1_19:1	1.79406978	CL	1	NA	68	2	29.35	NA	16	0	NA	16	0	NA	NA	NA	FALSE	16:0_16:0_17:1_19:1	4.95213e-4	1bar	Ecoli	NA	1
1C	CL 68:5_29.03	0.227757353	CL	1	NA	68	5	29.03	NA	NA	NA	NA	NA	NA	NA	NA	NA	FALSE	68:05:00	6.28674e-5	1bar	Ecoli	NA	1
1C	CL 69:3_29.28 | 16:0_17:1_17:1_19:1	0.515340817	CL	1	NA	69	3	29.28	NA	16	0	NA	17	1	NA	NA	NA	FALSE	16:0_17:1_17:1_19:1	1.42248e-4	1bar	Ecoli	NA	1
1C	CL 69:4_29.44	0.062439259	CL	1	NA	69	4	29.44	NA	NA	NA	NA	NA	NA	NA	NA	NA	FALSE	69:04:00	1.7235e-5	1bar	Ecoli	NA	1
1C	CL 70:2_29.71 | 16:0_16:0_19:1_19:1	0.447199615	CL	1	NA	70	2	29.71	NA	16	0	NA	16	0	NA	NA	NA	FALSE	16:0_16:0_19:1_19:1	1.2344e-4	1bar	Ecoli	NA	1
1C	CL 70:5_29.35	0.232903982	CL	1	NA	70	5	29.35	NA	NA	NA	NA	NA	NA	NA	NA	NA	FALSE	70:05:00	6.4288e-5	1bar	Ecoli	NA	1
1C	CL 71:3_29.62 | 16:0_17:1_19:1_19:1	0.474382534	CL	1	NA	71	3	29.62	NA	16	0	NA	17	1	NA	NA	NA	FALSE	16:0_17:1_19:1_19:1	1.30943e-4	1bar	Ecoli	NA	1
1C	CL 71:6_29.28	0.042241304	CL	1	NA	71	6	29.28	NA	NA	NA	NA	NA	NA	NA	NA	NA	FALSE	71:06:00	1.16598e-5	1bar	Ecoli	NA	1
1C	CL 72:5_29.71	0.046843303	CL	1	NA	72	5	29.71	NA	NA	NA	NA	NA	NA	NA	NA	NA	FALSE	72:05:00	1.29301e-5	1bar	Ecoli	NA	1
1C	CL 73:3_29.96 | 16:0_19:1_19:1_19:1	0.233796326	CL	1	NA	73	3	29.96	NA	16	0	NA	19	1	NA	NA	NA	FALSE	16:0_19:1_19:1_19:1	6.45343e-5	1bar	Ecoli	NA	1
250A	PE 28:0_11.58 | 14:0/14:0	6.589967713	PE	2	NA	28	0	11.58	NA	14	0	NA	14	0	NA	NA	NA	TRUE	14:0/14:0	0.001819014	250bar	Ecoli	NA	250
250A	PE 28:0_11.58 | 16:0/12:0	3.991967779	PE	2	NA	28	0	11.58	NA	16	0	NA	12	0	NA	NA	NA	TRUE	16:0/12:0	0.001101894	250bar	Ecoli	NA	250
250A	PE 29:0_12.53 | 15:0/14:0	1.39991583	PE	2	NA	29	0	12.53	NA	15	0	NA	14	0	NA	NA	NA	TRUE	15:0/14:0	3.86416e-4	250bar	Ecoli	NA	250
250A	PE 29:0_12.53 | 16:0/13:0	1.042457614	PE	2	NA	29	0	12.53	NA	16	0	NA	13	0	NA	NA	NA	TRUE	16:0/13:0	2.87747e-4	250bar	Ecoli	NA	250
250A	PE 29:1_11.25 | 12:0/17:1	0.269599611	PE	2	NA	29	1	11.25	NA	12	0	NA	17	1	NA	NA	NA	TRUE	12:0/17:1	7.4417e-5	250bar	Ecoli	NA	250
250A	PE 29:1_11.25 | 14:0_15:1	0.035082121	PE	2	NA	29	1	11.25	NA	14	0	NA	15	1	NA	NA	NA	FALSE	14:0_15:1	9.68364e-6	250bar	Ecoli	NA	250
250A	PE 30:0_13.67 | 16:0/14:0	109.9747252	PE	2	NA	30	0	13.67	NA	16	0	NA	14	0	NA	NA	NA	TRUE	16:0/14:0	0.030356081	250bar	Ecoli	NA	250
250A	PE 30:1_11.94 | 16:1/14:0	0.206698552	PE	2	NA	30	1	11.94	NA	16	1	NA	14	0	NA	NA	NA	TRUE	16:1/14:0	5.70545e-5	250bar	Ecoli	NA	250
250A	PE 30:1_12.22 | 16:0/14:1	4.352456699	PE	2	NA	30	1	12.22	NA	16	0	NA	14	1	NA	NA	NA	TRUE	16:0/14:1	0.001201399	250bar	Ecoli	NA	250
250A	PE 31:0_15.01 | 16:0/15:0	6.158097526	PE	2	NA	31	0	15.01	NA	16	0	NA	15	0	NA	NA	NA	TRUE	16:0/15:0	0.001699806	250bar	Ecoli	NA	250
250A	PE 31:1_13.18 | 14:0/17:1	6.498821148	PE	2	NA	31	1	13.18	NA	14	0	NA	17	1	NA	NA	NA	TRUE	14:0/17:1	0.001793855	250bar	Ecoli	NA	250
250A	PE 32:0_16.64 | 16:0/16:0	72.76239941	PE	2	NA	32	0	16.64	NA	16	0	NA	16	0	NA	NA	NA	TRUE	16:0/16:0	0.020084444	250bar	Ecoli	NA	250
250A	PE 32:1_14.36 | 15:0/17:1	5.108656172	PE	2	NA	32	1	14.36	NA	15	0	NA	17	1	NA	NA	NA	TRUE	15:0/17:1	0.001410131	250bar	Ecoli	NA	250
250A	PE 32:1_14.36 | 16:0/16:1	11.0919552	PE	2	NA	32	1	14.36	NA	16	0	NA	16	1	NA	NA	NA	TRUE	16:0/16:1	0.003061688	250bar	Ecoli	NA	250
250A	PE 33:0_18.55 | 16:0/17:0	1.002817874	PE	2	NA	33	0	18.55	NA	16	0	NA	17	0	NA	NA	NA	TRUE	16:0/17:0	2.76806e-4	250bar	Ecoli	NA	250
250A	PE 33:1_16.00 | 16:0/17:1	115.0076811	PE	2	NA	33	1	16	NA	16	0	NA	17	1	NA	NA	NA	TRUE	16:0/17:1	0.031745316	250bar	Ecoli	NA	250
250A	PE 33:2_13.89 | 16:1_17:1	0.210349661	PE	2	NA	33	2	13.89	NA	16	1	NA	17	1	NA	NA	NA	FALSE	16:1_17:1	5.80624e-5	250bar	Ecoli	NA	250
250A	PE 34:0_20.50 | 16:0/18:0	2.523628372	PE	2	NA	34	0	20.5	NA	16	0	NA	18	0	NA	NA	NA	TRUE	16:0/18:0	6.96592e-4	250bar	Ecoli	NA	250
250A	PE 34:1_17.17 | 16:0/18:1	3.516174962	PE	2	NA	34	1	17.17	NA	16	0	NA	18	1	NA	NA	NA	TRUE	16:0/18:1	9.70562e-4	250bar	Ecoli	NA	250
250A	PE 34:1_17.78 | 15:0/19:1	1.313788978	PE	2	NA	34	1	17.78	NA	15	0	NA	19	1	NA	NA	NA	TRUE	15:0/19:1	3.62642e-4	250bar	Ecoli	NA	250
250A	PE 34:1_17.78 | 16:0/18:1	2.021737091	PE	2	NA	34	1	17.78	NA	16	0	NA	18	1	NA	NA	NA	TRUE	16:0/18:1	5.58056e-4	250bar	Ecoli	NA	250
250A	PE 34:1_17.78 | 17:0/17:1	4.001513932	PE	2	NA	34	1	17.78	NA	17	0	NA	17	1	NA	NA	NA	TRUE	17:0/17:1	0.001104529	250bar	Ecoli	NA	250
250A	PE 34:2_14.58 | 18:1/16:1	0.468462736	PE	2	NA	34	2	14.58	NA	18	1	NA	16	1	NA	NA	NA	TRUE	18:1/16:1	1.29309e-4	250bar	Ecoli	NA	250
250A	PE 34:2_15.33 | 17:1/17:1	3.475364586	PE	2	NA	34	2	15.33	NA	17	1	NA	17	1	NA	NA	NA	TRUE	17:1/17:1	9.59297e-4	250bar	Ecoli	NA	250
250A	PE 35:1_19.58 | 16:0/19:1	56.76535603	PE	2	NA	35	1	19.58	NA	16	0	NA	19	1	NA	NA	NA	TRUE	16:0/19:1	0.015668816	250bar	Ecoli	NA	250
250A	PE 35:2_16.44 | 16:1_19:1	0.102724706	PE	2	NA	35	2	16.44	NA	16	1	NA	19	1	NA	NA	NA	FALSE	16:1_19:1	2.83549e-5	250bar	Ecoli	NA	250
250A	PE 35:2_16.44 | 18:1/17:1	0.29602342	PE	2	NA	35	2	16.44	NA	18	1	NA	17	1	NA	NA	NA	TRUE	18:1/17:1	8.17107e-5	250bar	Ecoli	NA	250
250A	PE 35:2_16.94 | 16:1_19:1	0.228112332	PE	2	NA	35	2	16.94	NA	16	1	NA	19	1	NA	NA	NA	FALSE	16:1_19:1	6.29653e-5	250bar	Ecoli	NA	250
250A	PE 35:2_16.94 | 18:1/17:1	0.178048069	PE	2	NA	35	2	16.94	NA	18	1	NA	17	1	NA	NA	NA	TRUE	18:1/17:1	4.91462e-5	250bar	Ecoli	NA	250
250A	PE 36:1_21.48 | 16:0_20:1	0.166339577	PE	2	NA	36	1	21.48	NA	16	0	NA	20	1	NA	NA	NA	FALSE	16:0_20:1	4.59143e-5	250bar	Ecoli	NA	250
250A	PE 36:1_21.48 | 17:0/19:1	0.980937394	PE	2	NA	36	1	21.48	NA	17	0	NA	19	1	NA	NA	NA	TRUE	17:0/19:1	2.70766e-4	250bar	Ecoli	NA	250
250A	PE 36:2_18.83 | 19:1/17:1	16.46868227	PE	2	NA	36	2	18.83	NA	19	1	NA	17	1	NA	NA	NA	TRUE	19:1/17:1	0.004545814	250bar	Ecoli	NA	250
250A	PE 37:1_23.32 | 18:0/19:1	1.133402897	PE	2	NA	37	1	23.32	NA	18	0	NA	19	1	NA	NA	NA	TRUE	18:0/19:1	3.12851e-4	250bar	Ecoli	NA	250
250A	PE 37:2_20.08 | 18:1/19:1	0.19958605	PE	2	NA	37	2	20.08	NA	18	1	NA	19	1	NA	NA	NA	TRUE	18:1/19:1	5.50913e-5	250bar	Ecoli	NA	250
250A	PE 37:2_20.78 | 17:1_20:1	0.015879866	PE	2	NA	37	2	20.78	NA	17	1	NA	20	1	NA	NA	NA	FALSE	17:1_20:1	4.38328e-6	250bar	Ecoli	NA	250
250A	PE 37:2_20.78 | 18:1/19:1	0.137186035	PE	2	NA	37	2	20.78	NA	18	1	NA	19	1	NA	NA	NA	TRUE	18:1/19:1	3.78672e-5	250bar	Ecoli	NA	250
250A	PE 38:2_22.46 | 19:1/19:1	9.721966201	PE	2	NA	38	2	22.46	NA	19	1	NA	19	1	NA	NA	NA	TRUE	19:1/19:1	0.002683533	250bar	Ecoli	NA	250
250A	PG 28:0_10.25 | 14:0/14:0	0.298831367	PG	2	NA	28	0	10.25	NA	14	0	NA	14	0	NA	NA	NA	TRUE	14:0/14:0	8.24858e-5	250bar	Ecoli	NA	250
250A	PG 28:0_10.25 | 16:0/12:0	0.216859733	PG	2	NA	28	0	10.25	NA	16	0	NA	12	0	NA	NA	NA	TRUE	16:0/12:0	5.98593e-5	250bar	Ecoli	NA	250
250A	PG 29:0_10.91 | 14:0_15:0	0.048731817	PG	2	NA	29	0	10.91	NA	14	0	NA	15	0	NA	NA	NA	FALSE	14:0_15:0	1.34513e-5	250bar	Ecoli	NA	250
250A	PG 29:0_10.91 | 16:0/13:0	0.035669093	PG	2	NA	29	0	10.91	NA	16	0	NA	13	0	NA	NA	NA	TRUE	16:0/13:0	9.84566e-6	250bar	Ecoli	NA	250
250A	PG 30:0_11.73 | 16:0/14:0	12.96378128	PG	2	NA	30	0	11.73	NA	16	0	NA	14	0	NA	NA	NA	TRUE	16:0/14:0	0.003578364	250bar	Ecoli	NA	250
250A	PG 30:1_10.66 | 16:0/14:1	0.174007116	PG	2	NA	30	1	10.66	NA	16	0	NA	14	1	NA	NA	NA	TRUE	16:0/14:1	4.80308e-5	250bar	Ecoli	NA	250
250A	PG 31:0_12.66 | 15:0_16:0	0.359411732	PG	2	NA	31	0	12.66	NA	15	0	NA	16	0	NA	NA	NA	FALSE	15:0_16:0	9.92076e-5	250bar	Ecoli	NA	250
250A	PG 31:1_11.38 | 14:0/17:1	0.840068889	PG	2	NA	31	1	11.38	NA	14	0	NA	17	1	NA	NA	NA	TRUE	14:0/17:1	2.31882e-4	250bar	Ecoli	NA	250
250A	PG 32:0_13.77 | 16:0/16:0	8.026713209	PG	2	NA	32	0	13.77	NA	16	0	NA	16	0	NA	NA	NA	TRUE	16:0/16:0	0.002215596	250bar	Ecoli	NA	250
250A	PG 32:1_12.11 | 15:0/17:1	0.576808048	PG	2	NA	32	1	12.11	NA	15	0	NA	17	1	NA	NA	NA	TRUE	15:0/17:1	1.59215e-4	250bar	Ecoli	NA	250
250A	PG 32:1_12.11 | 16:0/16:1	2.882537448	PG	2	NA	32	1	12.11	NA	16	0	NA	16	1	NA	NA	NA	TRUE	16:0/16:1	7.9566e-4	250bar	Ecoli	NA	250
250A	PG 32:2_10.81	0.01210606	PG	2	NA	32	2	10.81	NA	NA	NA	NA	NA	NA	NA	NA	NA	FALSE	32:02:00	3.34161e-6	250bar	Ecoli	NA	250
250A	PG 33:0_15.11 | 16:0_17:0	0.082959111	PG	2	NA	33	0	15.11	NA	16	0	NA	17	0	NA	NA	NA	FALSE	16:0_17:0	2.2899e-5	250bar	Ecoli	NA	250
250A	PG 33:1_13.31 | 16:0/17:1	41.57785117	PG	2	NA	33	1	13.31	NA	16	0	NA	17	1	NA	NA	NA	TRUE	16:0/17:1	0.011476642	250bar	Ecoli	NA	250
250A	PG 34:0_16.75 | 16:0_18:0	0.194207068	PG	2	NA	34	0	16.75	NA	16	0	NA	18	0	NA	NA	NA	FALSE	16:0_18:0	5.36065e-5	250bar	Ecoli	NA	250
250A	PG 34:1_14.11 | 16:0/18:1	1.862027485	PG	2	NA	34	1	14.11	NA	16	0	NA	18	1	NA	NA	NA	TRUE	16:0/18:1	5.13971e-4	250bar	Ecoli	NA	250
250A	PG 34:1_14.53 | 15:0/19:1	0.234109115	PG	2	NA	34	1	14.53	NA	15	0	NA	19	1	NA	NA	NA	TRUE	15:0/19:1	6.46206e-5	250bar	Ecoli	NA	250
250A	PG 34:1_14.53 | 16:0/18:1	0.333261766	PG	2	NA	34	1	14.53	NA	16	0	NA	18	1	NA	NA	NA	TRUE	16:0/18:1	9.19895e-5	250bar	Ecoli	NA	250
250A	PG 34:1_14.53 | 17:0/17:1	0.590663051	PG	2	NA	34	1	14.53	NA	17	0	NA	17	1	NA	NA	NA	TRUE	17:0/17:1	1.63039e-4	250bar	Ecoli	NA	250
250A	PG 34:2_12.38 | 18:1/16:1	0.277764584	PG	2	NA	34	2	12.38	NA	18	1	NA	16	1	NA	NA	NA	TRUE	18:1/16:1	7.66707e-5	250bar	Ecoli	NA	250
250A	PG 34:2_12.85 | 17:1/17:1	0.772365755	PG	2	NA	34	2	12.85	NA	17	1	NA	17	1	NA	NA	NA	TRUE	17:1/17:1	2.13194e-4	250bar	Ecoli	NA	250
250A	PG 35:1_15.90 | 16:0/19:1	14.55531469	PG	2	NA	35	1	15.9	NA	16	0	NA	19	1	NA	NA	NA	TRUE	16:0/19:1	0.004017671	250bar	Ecoli	NA	250
250A	PG 35:1_15.90 | 18:0/17:1	0.159811457	PG	2	NA	35	1	15.9	NA	18	0	NA	17	1	NA	NA	NA	TRUE	18:0/17:1	4.41124e-5	250bar	Ecoli	NA	250
250A	PG 36:1_17.66 | 16:0/20:1	0.047922878	PG	2	NA	36	1	17.66	NA	16	0	NA	20	1	NA	NA	NA	TRUE	16:0/20:1	1.3228e-5	250bar	Ecoli	NA	250
250A	PG 36:1_17.66 | 17:0/19:1	0.251255785	PG	2	NA	36	1	17.66	NA	17	0	NA	19	1	NA	NA	NA	TRUE	17:0/19:1	6.93536e-5	250bar	Ecoli	NA	250
250A	PG 36:2_14.46 | 18:1/18:1	0.361592931	PG	2	NA	36	2	14.46	NA	18	1	NA	18	1	NA	NA	NA	TRUE	18:1/18:1	9.98097e-5	250bar	Ecoli	NA	250
250A	PG 36:2_15.33 | 17:1_19:1	5.287706518	PG	2	NA	36	2	15.33	NA	17	1	NA	19	1	NA	NA	NA	FALSE	17:1_19:1	0.001459554	250bar	Ecoli	NA	250
250A	PG 37:1_19.53 | 18:0/19:1	0.331040838	PG	2	NA	37	1	19.53	NA	18	0	NA	19	1	NA	NA	NA	TRUE	18:0/19:1	9.13765e-5	250bar	Ecoli	NA	250
250A	PG 38:2_18.64 | 19:1/19:1	5.117812865	PG	2	NA	38	2	18.64	NA	19	1	NA	19	1	NA	NA	NA	TRUE	19:1/19:1	0.001412659	250bar	Ecoli	NA	250
250A	CL 62:1_28.64 | 14:0_15:0_16:0_17:1	0.042594397	CL	1	NA	62	1	28.64	NA	14	0	NA	15	0	NA	NA	NA	FALSE	14:0_15:0_16:0_17:1	1.17572e-5	250bar	Ecoli	NA	250
250A	CL 62:1_28.64 | 14:0_16:0_16:0_16:1	0.08110353	CL	1	NA	62	1	28.64	NA	14	0	NA	16	0	NA	NA	NA	FALSE	14:0_16:0_16:0_16:1	2.23868e-5	250bar	Ecoli	NA	250
250A	CL 62:1_28.64 | 15:0_15:0_16:0_16:1	0.006600602	CL	1	NA	62	1	28.64	NA	15	0	NA	15	0	NA	NA	NA	FALSE	15:0_15:0_16:0_16:1	1.82195e-6	250bar	Ecoli	NA	250
250A	CL 62:3_28.55	0.076669579	CL	1	NA	62	3	28.55	NA	NA	NA	NA	NA	NA	NA	NA	NA	FALSE	62:03:00	2.11629e-5	250bar	Ecoli	NA	250
250A	CL 63:1_28.82 | 14:0_16:0_16:0_17:1	2.815580647	CL	1	NA	63	1	28.82	NA	14	0	NA	16	0	NA	NA	NA	FALSE	14:0_16:0_16:0_17:1	7.77179e-4	250bar	Ecoli	NA	250
250A	CL 63:2_28.57 | 14:1_16:0_16:0_17:1	0.062344829	CL	1	NA	63	2	28.57	NA	14	1	NA	16	0	NA	NA	NA	FALSE	14:1_16:0_16:0_17:1	1.72089e-5	250bar	Ecoli	NA	250
250A	CL 64:0_29.21 | 16:0_16:0_16:0_16:0	0.068610044	CL	1	NA	64	0	29.21	NA	16	0	NA	16	0	NA	NA	NA	FALSE	16:0_16:0_16:0_16:0	1.89383e-5	250bar	Ecoli	NA	250
250A	CL 64:1_28.94 | 14:0_16:0_16:0_18:1	0.027422753	CL	1	NA	64	1	28.94	NA	14	0	NA	16	0	NA	NA	NA	FALSE	14:0_16:0_16:0_18:1	7.56944e-6	250bar	Ecoli	NA	250
250A	CL 64:1_28.94 | 14:0_16:0_17:0_17:1	0.01931378	CL	1	NA	64	1	28.94	NA	14	0	NA	16	0	NA	NA	NA	FALSE	14:0_16:0_17:0_17:1	5.33114e-6	250bar	Ecoli	NA	250
250A	CL 64:1_28.94 | 15:0_16:0_16:0_17:1	0.066192401	CL	1	NA	64	1	28.94	NA	15	0	NA	16	0	NA	NA	NA	FALSE	15:0_16:0_16:0_17:1	1.82709e-5	250bar	Ecoli	NA	250
250A	CL 64:1_28.94 | 16:0_16:0_16:0_16:1	0.046232557	CL	1	NA	64	1	28.94	NA	16	0	NA	16	0	NA	NA	NA	FALSE	16:0_16:0_16:0_16:1	1.27615e-5	250bar	Ecoli	NA	250
250A	CL 64:2_28.73 | 14:0_16:0_17:1_17:1	0.145390667	CL	1	NA	64	2	28.73	NA	14	0	NA	16	0	NA	NA	NA	FALSE	14:0_16:0_17:1_17:1	4.01319e-5	250bar	Ecoli	NA	250
250A	CL 64:3_28.89	0.03680316	CL	1	NA	64	3	28.89	NA	NA	NA	NA	NA	NA	NA	NA	NA	FALSE	64:03:00	1.01587e-5	250bar	Ecoli	NA	250
250A	CL 65:1_29.12 | 14:0_16:0_16:0_19:1	0.76902815	CL	1	NA	65	1	29.12	NA	14	0	NA	16	0	NA	NA	NA	FALSE	14:0_16:0_16:0_19:1	2.12273e-4	250bar	Ecoli	NA	250
250A	CL 65:1_29.12 | 16:0_16:0_16:0_17:1	1.132138741	CL	1	NA	65	1	29.12	NA	16	0	NA	16	0	NA	NA	NA	FALSE	16:0_16:0_16:0_17:1	3.12502e-4	250bar	Ecoli	NA	250
250A	CL 65:2_28.89 | 15:0_16:0_17:1_17:1	0.060359692	CL	1	NA	65	2	28.89	NA	15	0	NA	16	0	NA	NA	NA	FALSE	15:0_16:0_17:1_17:1	1.6661e-5	250bar	Ecoli	NA	250
250A	CL 65:2_28.89 | 16:0_16:0_16:1_17:1	0.263330829	CL	1	NA	65	2	28.89	NA	16	0	NA	16	0	NA	NA	NA	FALSE	16:0_16:0_16:1_17:1	7.26866e-5	250bar	Ecoli	NA	250
250A	CL 65:4_28.80	0.230104394	CL	1	NA	65	4	28.8	NA	NA	NA	NA	NA	NA	NA	NA	NA	FALSE	65:04:00	6.35152e-5	250bar	Ecoli	NA	250
250A	CL 66:2_29.03 | 14:0_16:0_17:1_19:1	0.267703901	CL	1	NA	66	2	29.03	NA	14	0	NA	16	0	NA	NA	NA	FALSE	14:0_16:0_17:1_19:1	7.38937e-5	250bar	Ecoli	NA	250
250A	CL 66:2_29.03 | 16:0_16:0_17:1_17:1	1.604835568	CL	1	NA	66	2	29.03	NA	16	0	NA	16	0	NA	NA	NA	FALSE	16:0_16:0_17:1_17:1	4.42979e-4	250bar	Ecoli	NA	250
250A	CL 67:1_29.46 | 16:0_16:0_16:0_19:1	0.334458803	CL	1	NA	67	1	29.46	NA	16	0	NA	16	0	NA	NA	NA	FALSE	16:0_16:0_16:0_19:1	9.23199e-5	250bar	Ecoli	NA	250
250A	CL 67:2_29.21 | 15:0_16:0_17:1_19:1	0.037589287	CL	1	NA	67	2	29.21	NA	15	0	NA	16	0	NA	NA	NA	FALSE	15:0_16:0_17:1_19:1	1.03757e-5	250bar	Ecoli	NA	250
250A	CL 67:2_29.21 | 16:0_16:0_16:1_19:1	0.075165397	CL	1	NA	67	2	29.21	NA	16	0	NA	16	0	NA	NA	NA	FALSE	16:0_16:0_16:1_19:1	2.07477e-5	250bar	Ecoli	NA	250
250A	CL 67:2_29.21 | 16:0_16:0_17:1_18:1	0.084966832	CL	1	NA	67	2	29.21	NA	16	0	NA	16	0	NA	NA	NA	FALSE	16:0_16:0_17:1_18:1	2.34532e-5	250bar	Ecoli	NA	250
250A	CL 67:2_29.21 | 16:0_17:0_17:1_17:1	0.05255299	CL	1	NA	67	2	29.21	NA	16	0	NA	17	0	NA	NA	NA	FALSE	16:0_17:0_17:1_17:1	1.45061e-5	250bar	Ecoli	NA	250
250A	CL 67:3_28.96 | 16:0_17:1_17:1_17:1	0.126168192	CL	1	NA	67	3	28.96	NA	16	0	NA	17	1	NA	NA	NA	FALSE	16:0_17:1_17:1_17:1	3.48259e-5	250bar	Ecoli	NA	250
250A	CL 67:4_29.12	0.159792228	CL	1	NA	67	4	29.12	NA	NA	NA	NA	NA	NA	NA	NA	NA	FALSE	67:04:00	4.41071e-5	250bar	Ecoli	NA	250
250A	CL 68:2_29.35 | 16:0_16:0_17:1_19:1	1.949055497	CL	1	NA	68	2	29.35	NA	16	0	NA	16	0	NA	NA	NA	FALSE	16:0_16:0_17:1_19:1	5.37993e-4	250bar	Ecoli	NA	250
250A	CL 68:5_29.03	0.194727489	CL	1	NA	68	5	29.03	NA	NA	NA	NA	NA	NA	NA	NA	NA	FALSE	68:05:00	5.37502e-5	250bar	Ecoli	NA	250
250A	CL 69:2_29.53 | 16:0_16:0_18:1_19:1	0.043360807	CL	1	NA	69	2	29.53	NA	16	0	NA	16	0	NA	NA	NA	FALSE	16:0_16:0_18:1_19:1	1.19688e-5	250bar	Ecoli	NA	250
250A	CL 69:2_29.53 | 16:0_17:0_17:1_19:1	0.072825898	CL	1	NA	69	2	29.53	NA	16	0	NA	17	0	NA	NA	NA	FALSE	16:0_17:0_17:1_19:1	2.0102e-5	250bar	Ecoli	NA	250
250A	CL 69:3_29.28 | 14:0_17:1_19:1_19:1	0.048151022	CL	1	NA	69	3	29.28	NA	14	0	NA	17	1	NA	NA	NA	FALSE	14:0_17:1_19:1_19:1	1.3291e-5	250bar	Ecoli	NA	250
250A	CL 69:3_29.28 | 16:0_17:1_17:1_19:1	0.704075945	CL	1	NA	69	3	29.28	NA	16	0	NA	17	1	NA	NA	NA	FALSE	16:0_17:1_17:1_19:1	1.94345e-4	250bar	Ecoli	NA	250
250A	CL 69:4_29.44	0.021880118	CL	1	NA	69	4	29.44	NA	NA	NA	NA	NA	NA	NA	NA	NA	FALSE	69:04:00	6.03952e-6	250bar	Ecoli	NA	250
250A	CL 70:2_29.71 | 16:0_16:0_19:1_19:1	0.348054358	CL	1	NA	70	2	29.71	NA	16	0	NA	16	0	NA	NA	NA	FALSE	16:0_16:0_19:1_19:1	9.60727e-5	250bar	Ecoli	NA	250
250A	CL 70:2_29.71 | 16:0_17:1_18:0_19:1	0.03540963	CL	1	NA	70	2	29.71	NA	16	0	NA	17	1	NA	NA	NA	FALSE	16:0_17:1_18:0_19:1	9.77404e-6	250bar	Ecoli	NA	250
250A	CL 70:5_29.35	0.18462945	CL	1	NA	70	5	29.35	NA	NA	NA	NA	NA	NA	NA	NA	NA	FALSE	70:05:00	5.09629e-5	250bar	Ecoli	NA	250
250A	CL 71:3_29.62 | 16:0_17:1_19:1_19:1	0.791223352	CL	1	NA	71	3	29.62	NA	16	0	NA	17	1	NA	NA	NA	FALSE	16:0_17:1_19:1_19:1	2.184e-4	250bar	Ecoli	NA	250
250A	CL 71:6_29.28	0.053915728	CL	1	NA	71	6	29.28	NA	NA	NA	NA	NA	NA	NA	NA	NA	FALSE	71:06:00	1.48822e-5	250bar	Ecoli	NA	250
250A	CL 73:3_29.96 | 16:0_19:1_19:1_19:1	0.316878846	CL	1	NA	73	3	29.96	NA	16	0	NA	19	1	NA	NA	NA	FALSE	16:0_19:1_19:1_19:1	8.74674e-5	250bar	Ecoli	NA	250
250A	CL 73:6_29.62	0.054753709	CL	1	NA	73	6	29.62	NA	NA	NA	NA	NA	NA	NA	NA	NA	FALSE	73:06:00	1.51135e-5	250bar	Ecoli	NA	250
250A	CL 74:4_29.87 | 17:1_19:1_19:1_19:1	0.061995212	CL	1	NA	74	4	29.87	NA	17	1	NA	19	1	NA	NA	NA	FALSE	17:1_19:1_19:1_19:1	1.71124e-5	250bar	Ecoli	NA	250
250B	PE 28:0_11.58 | 14:0/14:0	6.931485909	PE	2	NA	28	0	11.58	NA	14	0	NA	14	0	NA	NA	NA	TRUE	14:0/14:0	0.001913283	250bar	Ecoli	NA	250
250B	PE 28:0_11.58 | 16:0/12:0	4.216577903	PE	2	NA	28	0	11.58	NA	16	0	NA	12	0	NA	NA	NA	TRUE	16:0/12:0	0.001163893	250bar	Ecoli	NA	250
250B	PE 29:0_12.53 | 15:0/14:0	1.407034724	PE	2	NA	29	0	12.53	NA	15	0	NA	14	0	NA	NA	NA	TRUE	15:0/14:0	3.88381e-4	250bar	Ecoli	NA	250
250B	PE 29:0_12.53 | 16:0/13:0	1.089953228	PE	2	NA	29	0	12.53	NA	16	0	NA	13	0	NA	NA	NA	TRUE	16:0/13:0	3.00857e-4	250bar	Ecoli	NA	250
250B	PE 29:1_11.25 | 12:0/17:1	0.269591128	PE	2	NA	29	1	11.25	NA	12	0	NA	17	1	NA	NA	NA	TRUE	12:0/17:1	7.44146e-5	250bar	Ecoli	NA	250
250B	PE 29:1_11.25 | 14:0_15:1	0.032622952	PE	2	NA	29	1	11.25	NA	14	0	NA	15	1	NA	NA	NA	FALSE	14:0_15:1	9.00484e-6	250bar	Ecoli	NA	250
250B	PE 30:0_13.67 | 16:0/14:0	129.9639407	PE	2	NA	30	0	13.67	NA	16	0	NA	14	0	NA	NA	NA	TRUE	16:0/14:0	0.03587366	250bar	Ecoli	NA	250
250B	PE 30:1_11.94 | 16:1/14:0	0.224395172	PE	2	NA	30	1	11.94	NA	16	1	NA	14	0	NA	NA	NA	TRUE	16:1/14:0	6.19393e-5	250bar	Ecoli	NA	250
250B	PE 30:1_12.22 | 16:0/14:1	4.085835575	PE	2	NA	30	1	12.22	NA	16	0	NA	14	1	NA	NA	NA	TRUE	16:0/14:1	0.001127804	250bar	Ecoli	NA	250
250B	PE 31:0_15.01 | 16:0/15:0	7.823066456	PE	2	NA	31	0	15.01	NA	16	0	NA	15	0	NA	NA	NA	TRUE	16:0/15:0	0.002159384	250bar	Ecoli	NA	250
250B	PE 31:1_13.18 | 14:0/17:1	7.651010595	PE	2	NA	31	1	13.18	NA	14	0	NA	17	1	NA	NA	NA	TRUE	14:0/17:1	0.002111892	250bar	Ecoli	NA	250
250B	PE 32:0_16.64 | 16:0/16:0	86.65397062	PE	2	NA	32	0	16.64	NA	16	0	NA	16	0	NA	NA	NA	TRUE	16:0/16:0	0.023918904	250bar	Ecoli	NA	250
250B	PE 32:1_14.36 | 15:0/17:1	4.544155895	PE	2	NA	32	1	14.36	NA	15	0	NA	17	1	NA	NA	NA	TRUE	15:0/17:1	0.001254313	250bar	Ecoli	NA	250
250B	PE 32:1_14.36 | 16:0/16:1	10.7807055	PE	2	NA	32	1	14.36	NA	16	0	NA	16	1	NA	NA	NA	TRUE	16:0/16:1	0.002975774	250bar	Ecoli	NA	250
250B	PE 33:0_18.55 | 16:0/17:0	1.185062006	PE	2	NA	33	0	18.55	NA	16	0	NA	17	0	NA	NA	NA	TRUE	16:0/17:0	3.2711e-4	250bar	Ecoli	NA	250
250B	PE 33:1_16.00 | 16:0/17:1	126.3912435	PE	2	NA	33	1	16	NA	16	0	NA	17	1	NA	NA	NA	TRUE	16:0/17:1	0.034887496	250bar	Ecoli	NA	250
250B	PE 33:2_13.89 | 16:1_17:1	0.184851358	PE	2	NA	33	2	13.89	NA	16	1	NA	17	1	NA	NA	NA	FALSE	16:1_17:1	5.10241e-5	250bar	Ecoli	NA	250
250B	PE 34:0_20.50 | 16:0/18:0	3.064433775	PE	2	NA	34	0	20.5	NA	16	0	NA	18	0	NA	NA	NA	TRUE	16:0/18:0	8.45869e-4	250bar	Ecoli	NA	250
250B	PE 34:1_17.17 | 16:0/18:1	3.681013418	PE	2	NA	34	1	17.17	NA	16	0	NA	18	1	NA	NA	NA	TRUE	16:0/18:1	0.001016062	250bar	Ecoli	NA	250
250B	PE 34:1_17.78 | 15:0/19:1	1.238579856	PE	2	NA	34	1	17.78	NA	15	0	NA	19	1	NA	NA	NA	TRUE	15:0/19:1	3.41882e-4	250bar	Ecoli	NA	250
250B	PE 34:1_17.78 | 16:0/18:1	1.981634453	PE	2	NA	34	1	17.78	NA	16	0	NA	18	1	NA	NA	NA	TRUE	16:0/18:1	5.46986e-4	250bar	Ecoli	NA	250
250B	PE 34:1_17.78 | 17:0/17:1	4.176435937	PE	2	NA	34	1	17.78	NA	17	0	NA	17	1	NA	NA	NA	TRUE	17:0/17:1	0.001152812	250bar	Ecoli	NA	250
250B	PE 34:2_14.58 | 18:1/16:1	0.479710598	PE	2	NA	34	2	14.58	NA	18	1	NA	16	1	NA	NA	NA	TRUE	18:1/16:1	1.32413e-4	250bar	Ecoli	NA	250
250B	PE 34:2_15.33 | 17:1/17:1	3.505233425	PE	2	NA	34	2	15.33	NA	17	1	NA	17	1	NA	NA	NA	TRUE	17:1/17:1	9.67542e-4	250bar	Ecoli	NA	250
250B	PE 35:1_19.58 | 16:0/19:1	58.69905688	PE	2	NA	35	1	19.58	NA	16	0	NA	19	1	NA	NA	NA	TRUE	16:0/19:1	0.016202571	250bar	Ecoli	NA	250
250B	PE 35:2_16.44 | 16:1_19:1	0.096967071	PE	2	NA	35	2	16.44	NA	16	1	NA	19	1	NA	NA	NA	FALSE	16:1_19:1	2.67656e-5	250bar	Ecoli	NA	250
250B	PE 35:2_16.44 | 18:1/17:1	0.25486516	PE	2	NA	35	2	16.44	NA	18	1	NA	17	1	NA	NA	NA	TRUE	18:1/17:1	7.03499e-5	250bar	Ecoli	NA	250
250B	PE 35:2_16.94 | 16:1_19:1	0.2225384	PE	2	NA	35	2	16.94	NA	16	1	NA	19	1	NA	NA	NA	FALSE	16:1_19:1	6.14268e-5	250bar	Ecoli	NA	250
250B	PE 35:2_16.94 | 18:1/17:1	0.159616258	PE	2	NA	35	2	16.94	NA	18	1	NA	17	1	NA	NA	NA	TRUE	18:1/17:1	4.40585e-5	250bar	Ecoli	NA	250
250B	PE 36:1_21.48 | 16:0_20:1	0.182866133	PE	2	NA	36	1	21.48	NA	16	0	NA	20	1	NA	NA	NA	FALSE	16:0_20:1	5.04761e-5	250bar	Ecoli	NA	250
250B	PE 36:1_21.48 | 17:0/19:1	1.085836622	PE	2	NA	36	1	21.48	NA	17	0	NA	19	1	NA	NA	NA	TRUE	17:0/19:1	2.99721e-4	250bar	Ecoli	NA	250
250B	PE 36:2_18.83 | 19:1/17:1	16.57808384	PE	2	NA	36	2	18.83	NA	19	1	NA	17	1	NA	NA	NA	TRUE	19:1/17:1	0.004576012	250bar	Ecoli	NA	250
250B	PE 37:1_23.32 | 18:0/19:1	1.246590029	PE	2	NA	37	1	23.32	NA	18	0	NA	19	1	NA	NA	NA	TRUE	18:0/19:1	3.44093e-4	250bar	Ecoli	NA	250
250B	PE 37:2_20.08 | 18:1/19:1	0.15773059	PE	2	NA	37	2	20.08	NA	18	1	NA	19	1	NA	NA	NA	TRUE	18:1/19:1	4.3538e-5	250bar	Ecoli	NA	250
250B	PE 38:2_22.46 | 19:1/19:1	10.31661294	PE	2	NA	38	2	22.46	NA	19	1	NA	19	1	NA	NA	NA	TRUE	19:1/19:1	0.002847672	250bar	Ecoli	NA	250
250B	PG 28:0_10.25 | 14:0/14:0	0.353424664	PG	2	NA	28	0	10.25	NA	14	0	NA	14	0	NA	NA	NA	TRUE	14:0/14:0	9.7555e-5	250bar	Ecoli	NA	250
250B	PG 28:0_10.25 | 16:0/12:0	0.17663610799999999	PG	2	NA	28	0	10.25	NA	16	0	NA	12	0	NA	NA	NA	TRUE	16:0/12:0	4.87565e-5	250bar	Ecoli	NA	250
250B	PG 29:0_10.91 | 14:0_15:0	0.060692321	PG	2	NA	29	0	10.91	NA	14	0	NA	15	0	NA	NA	NA	FALSE	14:0_15:0	1.67528e-5	250bar	Ecoli	NA	250
250B	PG 29:0_10.91 | 16:0/13:0	0.040161431	PG	2	NA	29	0	10.91	NA	16	0	NA	13	0	NA	NA	NA	TRUE	16:0/13:0	1.10857e-5	250bar	Ecoli	NA	250
250B	PG 30:0_11.73 | 16:0/14:0	15.2520731	PG	2	NA	30	0	11.73	NA	16	0	NA	14	0	NA	NA	NA	TRUE	16:0/14:0	0.004209996	250bar	Ecoli	NA	250
250B	PG 30:1_10.66 | 16:0/14:1	0.18821005	PG	2	NA	30	1	10.66	NA	16	0	NA	14	1	NA	NA	NA	TRUE	16:0/14:1	5.19512e-5	250bar	Ecoli	NA	250
250B	PG 31:0_12.66 | 15:0_16:0	0.438506972	PG	2	NA	31	0	12.66	NA	15	0	NA	16	0	NA	NA	NA	FALSE	15:0_16:0	1.2104e-4	250bar	Ecoli	NA	250
250B	PG 31:1_11.38 | 14:0/17:1	0.489819713	PG	2	NA	31	1	11.38	NA	14	0	NA	17	1	NA	NA	NA	TRUE	14:0/17:1	1.35204e-4	250bar	Ecoli	NA	250
250B	PG 32:0_13.77 | 16:0/16:0	11.02578477	PG	2	NA	32	0	13.77	NA	16	0	NA	16	0	NA	NA	NA	TRUE	16:0/16:0	0.003043423	250bar	Ecoli	NA	250
250B	PG 32:1_12.11 | 15:0/17:1	0.647505506	PG	2	NA	32	1	12.11	NA	15	0	NA	17	1	NA	NA	NA	TRUE	15:0/17:1	1.7873e-4	250bar	Ecoli	NA	250
250B	PG 32:1_12.11 | 16:0/16:1	2.404687065	PG	2	NA	32	1	12.11	NA	16	0	NA	16	1	NA	NA	NA	TRUE	16:0/16:1	6.6376e-4	250bar	Ecoli	NA	250
250B	PG 32:2_10.81	0.014362046	PG	2	NA	32	2	10.81	NA	NA	NA	NA	NA	NA	NA	NA	NA	FALSE	32:02:00	3.96432e-6	250bar	Ecoli	NA	250
250B	PG 33:0_15.11 | 16:0_17:0	0.103226992	PG	2	NA	33	0	15.11	NA	16	0	NA	17	0	NA	NA	NA	FALSE	16:0_17:0	2.84935e-5	250bar	Ecoli	NA	250
250B	PG 33:1_13.31 | 16:0/17:1	44.74658932	PG	2	NA	33	1	13.31	NA	16	0	NA	17	1	NA	NA	NA	TRUE	16:0/17:1	0.012351302	250bar	Ecoli	NA	250
250B	PG 34:1_14.11 | 16:0/18:1	1.688336119	PG	2	NA	34	1	14.11	NA	16	0	NA	18	1	NA	NA	NA	TRUE	16:0/18:1	4.66028e-4	250bar	Ecoli	NA	250
250B	PG 34:1_14.53 | 15:0/19:1	0.316292678	PG	2	NA	34	1	14.53	NA	15	0	NA	19	1	NA	NA	NA	TRUE	15:0/19:1	8.73056e-5	250bar	Ecoli	NA	250
250B	PG 34:1_14.53 | 16:0/18:1	0.356497997	PG	2	NA	34	1	14.53	NA	16	0	NA	18	1	NA	NA	NA	TRUE	16:0/18:1	9.84034e-5	250bar	Ecoli	NA	250
250B	PG 34:1_14.53 | 17:0/17:1	0.613632999	PG	2	NA	34	1	14.53	NA	17	0	NA	17	1	NA	NA	NA	TRUE	17:0/17:1	1.6938e-4	250bar	Ecoli	NA	250
250B	PG 34:2_12.38 | 18:1/16:1	0.212435813	PG	2	NA	34	2	12.38	NA	18	1	NA	16	1	NA	NA	NA	TRUE	18:1/16:1	5.86382e-5	250bar	Ecoli	NA	250
250B	PG 34:2_12.85 | 17:1/17:1	0.833979133	PG	2	NA	34	2	12.85	NA	17	1	NA	17	1	NA	NA	NA	TRUE	17:1/17:1	2.30201e-4	250bar	Ecoli	NA	250
250B	PG 35:1_15.90 | 16:0/19:1	15.39431082	PG	2	NA	35	1	15.9	NA	16	0	NA	19	1	NA	NA	NA	TRUE	16:0/19:1	0.004249258	250bar	Ecoli	NA	250
250B	PG 35:1_15.90 | 18:0/17:1	0.210493251	PG	2	NA	35	1	15.9	NA	18	0	NA	17	1	NA	NA	NA	TRUE	18:0/17:1	5.8102e-5	250bar	Ecoli	NA	250
250B	PG 36:1_17.66 | 16:0/20:1	0.044608321	PG	2	NA	36	1	17.66	NA	16	0	NA	20	1	NA	NA	NA	TRUE	16:0/20:1	1.23131e-5	250bar	Ecoli	NA	250
250B	PG 36:1_17.66 | 17:0/19:1	0.287331117	PG	2	NA	36	1	17.66	NA	17	0	NA	19	1	NA	NA	NA	TRUE	17:0/19:1	7.93114e-5	250bar	Ecoli	NA	250
250B	PG 36:2_14.46 | 18:1/18:1	0.437999125	PG	2	NA	36	2	14.46	NA	18	1	NA	18	1	NA	NA	NA	TRUE	18:1/18:1	1.209e-4	250bar	Ecoli	NA	250
250B	PG 36:2_15.33 | 17:1_19:1	5.494696738	PG	2	NA	36	2	15.33	NA	17	1	NA	19	1	NA	NA	NA	FALSE	17:1_19:1	0.001516689	250bar	Ecoli	NA	250
250B	PG 37:1_19.53 | 18:0/19:1	0.316544346	PG	2	NA	37	1	19.53	NA	18	0	NA	19	1	NA	NA	NA	TRUE	18:0/19:1	8.7375e-5	250bar	Ecoli	NA	250
250B	PG 38:2_18.64 | 19:1/19:1	5.682781573	PG	2	NA	38	2	18.64	NA	19	1	NA	19	1	NA	NA	NA	TRUE	19:1/19:1	0.001568606	250bar	Ecoli	NA	250
250B	CL 62:1_28.64 | 14:0_15:0_16:0_17:1	0.047147931	CL	1	NA	62	1	28.64	NA	14	0	NA	15	0	NA	NA	NA	FALSE	14:0_15:0_16:0_17:1	1.30141e-5	250bar	Ecoli	NA	250
250B	CL 62:1_28.64 | 14:0_16:0_16:0_16:1	0.087223063	CL	1	NA	62	1	28.64	NA	14	0	NA	16	0	NA	NA	NA	FALSE	14:0_16:0_16:0_16:1	2.4076e-5	250bar	Ecoli	NA	250
250B	CL 62:1_28.64 | 15:0_15:0_16:0_16:1	0.013448941	CL	1	NA	62	1	28.64	NA	15	0	NA	15	0	NA	NA	NA	FALSE	15:0_15:0_16:0_16:1	3.71228e-6	250bar	Ecoli	NA	250
250B	CL 62:3_28.55	0.118072534	CL	1	NA	62	3	28.55	NA	NA	NA	NA	NA	NA	NA	NA	NA	FALSE	62:03:00	3.25913e-5	250bar	Ecoli	NA	250
250B	CL 63:2_28.57 | 14:1_16:0_16:0_17:1	0.050664579	CL	1	NA	63	2	28.57	NA	14	1	NA	16	0	NA	NA	NA	FALSE	14:1_16:0_16:0_17:1	1.39848e-5	250bar	Ecoli	NA	250
250B	CL 64:0_29.21 | 16:0_16:0_16:0_16:0	0.121720767	CL	1	NA	64	0	29.21	NA	16	0	NA	16	0	NA	NA	NA	FALSE	16:0_16:0_16:0_16:0	3.35983e-5	250bar	Ecoli	NA	250
250B	CL 64:1_28.94 | 14:0_16:0_16:0_18:1	0.060309581	CL	1	NA	64	1	28.94	NA	14	0	NA	16	0	NA	NA	NA	FALSE	14:0_16:0_16:0_18:1	1.66471e-5	250bar	Ecoli	NA	250
250B	CL 64:1_28.94 | 14:0_16:0_17:0_17:1	0.004622107	CL	1	NA	64	1	28.94	NA	14	0	NA	16	0	NA	NA	NA	FALSE	14:0_16:0_17:0_17:1	1.27583e-6	250bar	Ecoli	NA	250
250B	CL 64:1_28.94 | 15:0_16:0_16:0_17:1	0.092968877	CL	1	NA	64	1	28.94	NA	15	0	NA	16	0	NA	NA	NA	FALSE	15:0_16:0_16:0_17:1	2.5662e-5	250bar	Ecoli	NA	250
250B	CL 64:2_28.73 | 14:0_16:0_17:1_17:1	0.190375488	CL	1	NA	64	2	28.73	NA	14	0	NA	16	0	NA	NA	NA	FALSE	14:0_16:0_17:1_17:1	5.25489e-5	250bar	Ecoli	NA	250
250B	CL 64:3_28.89	0.072811331000000007	CL	1	NA	64	3	28.89	NA	NA	NA	NA	NA	NA	NA	NA	NA	FALSE	64:03:00	2.0098e-5	250bar	Ecoli	NA	250
250B	CL 65:1_29.12 | 14:0_16:0_16:0_19:1	0.848083195	CL	1	NA	65	1	29.12	NA	14	0	NA	16	0	NA	NA	NA	FALSE	14:0_16:0_16:0_19:1	2.34095e-4	250bar	Ecoli	NA	250
250B	CL 65:1_29.12 | 16:0_16:0_16:0_17:1	1.251829817	CL	1	NA	65	1	29.12	NA	16	0	NA	16	0	NA	NA	NA	FALSE	16:0_16:0_16:0_17:1	3.4554e-4	250bar	Ecoli	NA	250
250B	CL 65:2_28.89 | 15:0_16:0_17:1_17:1	0.052396372	CL	1	NA	65	2	28.89	NA	15	0	NA	16	0	NA	NA	NA	FALSE	15:0_16:0_17:1_17:1	1.44629e-5	250bar	Ecoli	NA	250
250B	CL 65:2_28.89 | 16:0_16:0_16:1_17:1	0.128972719	CL	1	NA	65	2	28.89	NA	16	0	NA	16	0	NA	NA	NA	FALSE	16:0_16:0_16:1_17:1	3.56001e-5	250bar	Ecoli	NA	250
250B	CL 65:4_28.80	0.330409512	CL	1	NA	65	4	28.8	NA	NA	NA	NA	NA	NA	NA	NA	NA	FALSE	65:04:00	9.12022e-5	250bar	Ecoli	NA	250
250B	CL 66:2_29.03 | 14:0_16:0_17:1_19:1	0.318726987	CL	1	NA	66	2	29.03	NA	14	0	NA	16	0	NA	NA	NA	FALSE	14:0_16:0_17:1_19:1	8.79775e-5	250bar	Ecoli	NA	250
250B	CL 66:2_29.03 | 16:0_16:0_17:1_17:1	2.281158425	CL	1	NA	66	2	29.03	NA	16	0	NA	16	0	NA	NA	NA	FALSE	16:0_16:0_17:1_17:1	6.29663e-4	250bar	Ecoli	NA	250
250B	CL 67:1_29.46 | 16:0_16:0_16:0_19:1	0.470117935	CL	1	NA	67	1	29.46	NA	16	0	NA	16	0	NA	NA	NA	FALSE	16:0_16:0_16:0_19:1	1.29766e-4	250bar	Ecoli	NA	250
250B	CL 67:1_29.46 | 16:0_16:0_17:1_18:0	0.089934843	CL	1	NA	67	1	29.46	NA	16	0	NA	16	0	NA	NA	NA	FALSE	16:0_16:0_17:1_18:0	2.48245e-5	250bar	Ecoli	NA	250
250B	CL 67:3_28.96 | 16:0_17:1_17:1_17:1	0.098835054	CL	1	NA	67	3	28.96	NA	16	0	NA	17	1	NA	NA	NA	FALSE	16:0_17:1_17:1_17:1	2.72812e-5	250bar	Ecoli	NA	250
250B	CL 67:4_29.12	0.236029109	CL	1	NA	67	4	29.12	NA	NA	NA	NA	NA	NA	NA	NA	NA	FALSE	67:04:00	6.51506e-5	250bar	Ecoli	NA	250
250B	CL 68:2_29.35 | 16:0_16:0_17:1_19:1	2.815551734	CL	1	NA	68	2	29.35	NA	16	0	NA	16	0	NA	NA	NA	FALSE	16:0_16:0_17:1_19:1	7.77171e-4	250bar	Ecoli	NA	250
250B	CL 68:5_29.03	0.262441048	CL	1	NA	68	5	29.03	NA	NA	NA	NA	NA	NA	NA	NA	NA	FALSE	68:05:00	7.2441e-5	250bar	Ecoli	NA	250
250B	CL 69:2_29.53 | 16:0_17:0_17:1_19:1	0.072081366	CL	1	NA	69	2	29.53	NA	16	0	NA	17	0	NA	NA	NA	FALSE	16:0_17:0_17:1_19:1	1.98965e-5	250bar	Ecoli	NA	250
250B	CL 69:3_29.28 | 14:0_17:1_19:1_19:1	0.075680032	CL	1	NA	69	3	29.28	NA	14	0	NA	17	1	NA	NA	NA	FALSE	14:0_17:1_19:1_19:1	2.08898e-5	250bar	Ecoli	NA	250
250B	CL 69:3_29.28 | 16:0_17:1_17:1_19:1	0.6129751	CL	1	NA	69	3	29.28	NA	16	0	NA	17	1	NA	NA	NA	FALSE	16:0_17:1_17:1_19:1	1.69198e-4	250bar	Ecoli	NA	250
250B	CL 69:4_29.44	0.039044242	CL	1	NA	69	4	29.44	NA	NA	NA	NA	NA	NA	NA	NA	NA	FALSE	69:04:00	1.07773e-5	250bar	Ecoli	NA	250
250B	CL 70:2_29.71 | 16:0_16:0_19:1_19:1	0.666634061	CL	1	NA	70	2	29.71	NA	16	0	NA	16	0	NA	NA	NA	FALSE	16:0_16:0_19:1_19:1	1.8401e-4	250bar	Ecoli	NA	250
250B	CL 70:2_29.71 | 16:0_17:1_18:0_19:1	0.086214078	CL	1	NA	70	2	29.71	NA	16	0	NA	17	1	NA	NA	NA	FALSE	16:0_17:1_18:0_19:1	2.37975e-5	250bar	Ecoli	NA	250
250B	CL 70:5_29.35	0.278659388	CL	1	NA	70	5	29.35	NA	NA	NA	NA	NA	NA	NA	NA	NA	FALSE	70:05:00	7.69177e-5	250bar	Ecoli	NA	250
250B	CL 71:3_29.62 | 16:0_17:1_19:1_19:1	0.886236203	CL	1	NA	71	3	29.62	NA	16	0	NA	17	1	NA	NA	NA	FALSE	16:0_17:1_19:1_19:1	2.44626e-4	250bar	Ecoli	NA	250
250B	CL 71:6_29.28	0.072608413	CL	1	NA	71	6	29.28	NA	NA	NA	NA	NA	NA	NA	NA	NA	FALSE	71:06:00	2.00419e-5	250bar	Ecoli	NA	250
250B	CL 72:5_29.71	0.070305122	CL	1	NA	72	5	29.71	NA	NA	NA	NA	NA	NA	NA	NA	NA	FALSE	72:05:00	1.94062e-5	250bar	Ecoli	NA	250
250B	CL 73:3_29.96 | 16:0_19:1_19:1_19:1	0.405191202	CL	1	NA	73	3	29.96	NA	16	0	NA	19	1	NA	NA	NA	FALSE	16:0_19:1_19:1_19:1	1.11844e-4	250bar	Ecoli	NA	250
250B	CL 73:6_29.62	0.085547844	CL	1	NA	73	6	29.62	NA	NA	NA	NA	NA	NA	NA	NA	NA	FALSE	73:06:00	2.36136e-5	250bar	Ecoli	NA	250
250B	CL 74:4_29.87 | 17:1_19:1_19:1_19:1	0.110624064	CL	1	NA	74	4	29.87	NA	17	1	NA	19	1	NA	NA	NA	FALSE	17:1_19:1_19:1_19:1	3.05353e-5	250bar	Ecoli	NA	250
250C	PE 28:0_11.58 | 14:0/14:0	7.155148686	PE	2	NA	28	0	11.58	NA	14	0	NA	14	0	NA	NA	NA	TRUE	14:0/14:0	0.00197502	250bar	Ecoli	NA	250
250C	PE 28:0_11.58 | 16:0/12:0	4.485247138	PE	2	NA	28	0	11.58	NA	16	0	NA	12	0	NA	NA	NA	TRUE	16:0/12:0	0.001238053	250bar	Ecoli	NA	250
250C	PE 29:0_12.53 | 15:0/14:0	1.25786818	PE	2	NA	29	0	12.53	NA	15	0	NA	14	0	NA	NA	NA	TRUE	15:0/14:0	3.47207e-4	250bar	Ecoli	NA	250
250C	PE 29:0_12.53 | 16:0/13:0	1.063647417	PE	2	NA	29	0	12.53	NA	16	0	NA	13	0	NA	NA	NA	TRUE	16:0/13:0	2.93596e-4	250bar	Ecoli	NA	250
250C	PE 29:1_11.25 | 12:0/17:1	0.241617609	PE	2	NA	29	1	11.25	NA	12	0	NA	17	1	NA	NA	NA	TRUE	12:0/17:1	6.66932e-5	250bar	Ecoli	NA	250
250C	PE 29:1_11.25 | 14:0_15:1	0.035189149	PE	2	NA	29	1	11.25	NA	14	0	NA	15	1	NA	NA	NA	FALSE	14:0_15:1	9.71318e-6	250bar	Ecoli	NA	250
250C	PE 30:0_13.67 | 16:0/14:0	124.5301421	PE	2	NA	30	0	13.67	NA	16	0	NA	14	0	NA	NA	NA	TRUE	16:0/14:0	0.03437378	250bar	Ecoli	NA	250
250C	PE 30:1_12.22 | 16:0/14:1	4.459672707	PE	2	NA	30	1	12.22	NA	16	0	NA	14	1	NA	NA	NA	TRUE	16:0/14:1	0.001230994	250bar	Ecoli	NA	250
250C	PE 31:0_15.01 | 16:0/15:0	6.370023914	PE	2	NA	31	0	15.01	NA	16	0	NA	15	0	NA	NA	NA	TRUE	16:0/15:0	0.001758304	250bar	Ecoli	NA	250
250C	PE 31:1_13.18 | 14:0/17:1	7.469234654	PE	2	NA	31	1	13.18	NA	14	0	NA	17	1	NA	NA	NA	TRUE	14:0/17:1	0.002061716	250bar	Ecoli	NA	250
250C	PE 32:0_16.64 | 16:0/16:0	75.8385613	PE	2	NA	32	0	16.64	NA	16	0	NA	16	0	NA	NA	NA	TRUE	16:0/16:0	0.020933551	250bar	Ecoli	NA	250
250C	PE 32:1_14.36 | 15:0/17:1	4.474574665	PE	2	NA	32	1	14.36	NA	15	0	NA	17	1	NA	NA	NA	TRUE	15:0/17:1	0.001235107	250bar	Ecoli	NA	250
250C	PE 32:1_14.36 | 16:0/16:1	14.24798734	PE	2	NA	32	1	14.36	NA	16	0	NA	16	1	NA	NA	NA	TRUE	16:0/16:1	0.00393284	250bar	Ecoli	NA	250
250C	PE 33:0_18.55 | 16:0/17:0	0.848429103	PE	2	NA	33	0	18.55	NA	16	0	NA	17	0	NA	NA	NA	TRUE	16:0/17:0	2.3419e-4	250bar	Ecoli	NA	250
250C	PE 33:1_16.00 | 16:0/17:1	136.0546532	PE	2	NA	33	1	16	NA	16	0	NA	17	1	NA	NA	NA	TRUE	16:0/17:1	0.037554866	250bar	Ecoli	NA	250
250C	PE 33:2_13.89 | 16:1_17:1	0.212270399	PE	2	NA	33	2	13.89	NA	16	1	NA	17	1	NA	NA	NA	FALSE	16:1_17:1	5.85925e-5	250bar	Ecoli	NA	250
250C	PE 34:0_20.50 | 16:0/18:0	2.15305474	PE	2	NA	34	0	20.5	NA	16	0	NA	18	0	NA	NA	NA	TRUE	16:0/18:0	5.94303e-4	250bar	Ecoli	NA	250
250C	PE 34:1_17.17 | 16:0/18:1	4.45707755	PE	2	NA	34	1	17.17	NA	16	0	NA	18	1	NA	NA	NA	TRUE	16:0/18:1	0.001230277	250bar	Ecoli	NA	250
250C	PE 34:1_17.78 | 15:0/19:1	1.445898835	PE	2	NA	34	1	17.78	NA	15	0	NA	19	1	NA	NA	NA	TRUE	15:0/19:1	3.99108e-4	250bar	Ecoli	NA	250
250C	PE 34:1_17.78 | 16:0/18:1	2.097757779	PE	2	NA	34	1	17.78	NA	16	0	NA	18	1	NA	NA	NA	TRUE	16:0/18:1	5.79039e-4	250bar	Ecoli	NA	250
250C	PE 34:1_17.78 | 17:0/17:1	4.160401054	PE	2	NA	34	1	17.78	NA	17	0	NA	17	1	NA	NA	NA	TRUE	17:0/17:1	0.001148386	250bar	Ecoli	NA	250
250C	PE 34:2_14.58 | 18:1/16:1	0.748205419	PE	2	NA	34	2	14.58	NA	18	1	NA	16	1	NA	NA	NA	TRUE	18:1/16:1	2.06525e-4	250bar	Ecoli	NA	250
250C	PE 34:2_15.33 | 17:1/17:1	3.682925397	PE	2	NA	34	2	15.33	NA	17	1	NA	17	1	NA	NA	NA	TRUE	17:1/17:1	0.00101659	250bar	Ecoli	NA	250
250C	PE 35:1_19.58 | 16:0/19:1	57.72718985	PE	2	NA	35	1	19.58	NA	16	0	NA	19	1	NA	NA	NA	TRUE	16:0/19:1	0.015934309	250bar	Ecoli	NA	250
250C	PE 35:2_16.44 | 16:1_19:1	0.07958064	PE	2	NA	35	2	16.44	NA	16	1	NA	19	1	NA	NA	NA	FALSE	16:1_19:1	2.19665e-5	250bar	Ecoli	NA	250
250C	PE 35:2_16.44 | 18:1/17:1	0.291349834	PE	2	NA	35	2	16.44	NA	18	1	NA	17	1	NA	NA	NA	TRUE	18:1/17:1	8.04207e-5	250bar	Ecoli	NA	250
250C	PE 35:2_16.94 | 16:1_19:1	0.270846876	PE	2	NA	35	2	16.94	NA	16	1	NA	19	1	NA	NA	NA	FALSE	16:1_19:1	7.47613e-5	250bar	Ecoli	NA	250
250C	PE 35:2_16.94 | 18:1/17:1	0.210888388	PE	2	NA	35	2	16.94	NA	18	1	NA	17	1	NA	NA	NA	TRUE	18:1/17:1	5.82111e-5	250bar	Ecoli	NA	250
250C	PE 36:1_21.48 | 16:0_20:1	0.1507201	PE	2	NA	36	1	21.48	NA	16	0	NA	20	1	NA	NA	NA	FALSE	16:0_20:1	4.16029e-5	250bar	Ecoli	NA	250
250C	PE 36:1_21.48 | 17:0/19:1	0.922787684	PE	2	NA	36	1	21.48	NA	17	0	NA	19	1	NA	NA	NA	TRUE	17:0/19:1	2.54715e-4	250bar	Ecoli	NA	250
250C	PE 36:2_18.83 | 19:1/17:1	17.18515183	PE	2	NA	36	2	18.83	NA	19	1	NA	17	1	NA	NA	NA	TRUE	19:1/17:1	0.00474358	250bar	Ecoli	NA	250
250C	PE 37:1_23.32 | 18:0/19:1	1.106170156	PE	2	NA	37	1	23.32	NA	18	0	NA	19	1	NA	NA	NA	TRUE	18:0/19:1	3.05334e-4	250bar	Ecoli	NA	250
250C	PE 37:2_20.08 | 18:1/19:1	0.155769392	PE	2	NA	37	2	20.08	NA	18	1	NA	19	1	NA	NA	NA	TRUE	18:1/19:1	4.29967e-5	250bar	Ecoli	NA	250
250C	PE 38:2_22.46 | 19:1/19:1	9.81102937	PE	2	NA	38	2	22.46	NA	19	1	NA	19	1	NA	NA	NA	TRUE	19:1/19:1	0.002708117	250bar	Ecoli	NA	250
250C	PG 28:0_10.25 | 14:0/14:0	0.33626234	PG	2	NA	28	0	10.25	NA	14	0	NA	14	0	NA	NA	NA	TRUE	14:0/14:0	9.28178e-5	250bar	Ecoli	NA	250
250C	PG 28:0_10.25 | 16:0/12:0	0.187905529	PG	2	NA	28	0	10.25	NA	16	0	NA	12	0	NA	NA	NA	TRUE	16:0/12:0	5.18671e-5	250bar	Ecoli	NA	250
250C	PG 29:0_10.91 | 14:0_15:0	0.048200193	PG	2	NA	29	0	10.91	NA	14	0	NA	15	0	NA	NA	NA	FALSE	14:0_15:0	1.33046e-5	250bar	Ecoli	NA	250
250C	PG 29:0_10.91 | 16:0/13:0	0.019252381	PG	2	NA	29	0	10.91	NA	16	0	NA	13	0	NA	NA	NA	TRUE	16:0/13:0	5.31419e-6	250bar	Ecoli	NA	250
250C	PG 30:0_11.73 | 16:0/14:0	12.46860061	PG	2	NA	30	0	11.73	NA	16	0	NA	14	0	NA	NA	NA	TRUE	16:0/14:0	0.00344168	250bar	Ecoli	NA	250
250C	PG 30:1_10.66 | 16:0/14:1	0.163001356	PG	2	NA	30	1	10.66	NA	16	0	NA	14	1	NA	NA	NA	TRUE	16:0/14:1	4.49929e-5	250bar	Ecoli	NA	250
250C	PG 31:0_12.66 | 15:0_16:0	0.360024069	PG	2	NA	31	0	12.66	NA	15	0	NA	16	0	NA	NA	NA	FALSE	15:0_16:0	9.93766e-5	250bar	Ecoli	NA	250
250C	PG 31:1_11.38 | 14:0/17:1	0.946913198	PG	2	NA	31	1	11.38	NA	14	0	NA	17	1	NA	NA	NA	TRUE	14:0/17:1	2.61374e-4	250bar	Ecoli	NA	250
250C	PG 32:0_13.77 | 16:0/16:0	8.235279741	PG	2	NA	32	0	13.77	NA	16	0	NA	16	0	NA	NA	NA	TRUE	16:0/16:0	0.002273166	250bar	Ecoli	NA	250
250C	PG 32:1_12.11 | 15:0/17:1	0.666645477	PG	2	NA	32	1	12.11	NA	15	0	NA	17	1	NA	NA	NA	TRUE	15:0/17:1	1.84013e-4	250bar	Ecoli	NA	250
250C	PG 32:1_12.11 | 16:0/16:1	3.577973867	PG	2	NA	32	1	12.11	NA	16	0	NA	16	1	NA	NA	NA	TRUE	16:0/16:1	9.8762e-4	250bar	Ecoli	NA	250
250C	PG 32:2_10.81	0.018854733	PG	2	NA	32	2	10.81	NA	NA	NA	NA	NA	NA	NA	NA	NA	FALSE	32:02:00	5.20443e-6	250bar	Ecoli	NA	250
250C	PG 33:1_13.31 | 16:0/17:1	46.57360145	PG	2	NA	33	1	13.31	NA	16	0	NA	17	1	NA	NA	NA	TRUE	16:0/17:1	0.012855608	250bar	Ecoli	NA	250
250C	PG 34:0_16.75 | 16:0_18:0	0.144130685	PG	2	NA	34	0	16.75	NA	16	0	NA	18	0	NA	NA	NA	FALSE	16:0_18:0	3.97841e-5	250bar	Ecoli	NA	250
250C	PG 34:1_14.11 | 16:0/18:1	2.625049387	PG	2	NA	34	1	14.11	NA	16	0	NA	18	1	NA	NA	NA	TRUE	16:0/18:1	7.24587e-4	250bar	Ecoli	NA	250
250C	PG 34:1_14.53 | 15:0/19:1	0.247024022	PG	2	NA	34	1	14.53	NA	15	0	NA	19	1	NA	NA	NA	TRUE	15:0/19:1	6.81855e-5	250bar	Ecoli	NA	250
250C	PG 34:1_14.53 | 16:0/18:1	0.326937786	PG	2	NA	34	1	14.53	NA	16	0	NA	18	1	NA	NA	NA	TRUE	16:0/18:1	9.02439e-5	250bar	Ecoli	NA	250
250C	PG 34:1_14.53 | 17:0/17:1	0.524233807	PG	2	NA	34	1	14.53	NA	17	0	NA	17	1	NA	NA	NA	TRUE	17:0/17:1	1.44703e-4	250bar	Ecoli	NA	250
250C	PG 34:2_12.38 | 18:1/16:1	0.34285005	PG	2	NA	34	2	12.38	NA	18	1	NA	16	1	NA	NA	NA	TRUE	18:1/16:1	9.46361e-5	250bar	Ecoli	NA	250
250C	PG 34:2_12.85 | 17:1/17:1	0.888218467	PG	2	NA	34	2	12.85	NA	17	1	NA	17	1	NA	NA	NA	TRUE	17:1/17:1	2.45173e-4	250bar	Ecoli	NA	250
250C	PG 35:1_15.90 | 16:0/19:1	14.22448373	PG	2	NA	35	1	15.9	NA	16	0	NA	19	1	NA	NA	NA	TRUE	16:0/19:1	0.003926353	250bar	Ecoli	NA	250
250C	PG 36:1_17.66 | 16:0/20:1	0.03702172	PG	2	NA	36	1	17.66	NA	16	0	NA	20	1	NA	NA	NA	TRUE	16:0/20:1	1.0219e-5	250bar	Ecoli	NA	250
250C	PG 36:1_17.66 | 17:0/19:1	0.242801863	PG	2	NA	36	1	17.66	NA	17	0	NA	19	1	NA	NA	NA	TRUE	17:0/19:1	6.70201e-5	250bar	Ecoli	NA	250
250C	PG 36:2_14.46 | 18:1/18:1	0.670013617	PG	2	NA	36	2	14.46	NA	18	1	NA	18	1	NA	NA	NA	TRUE	18:1/18:1	1.84942e-4	250bar	Ecoli	NA	250
250C	PG 36:2_15.33 | 17:1_19:1	5.452886929	PG	2	NA	36	2	15.33	NA	17	1	NA	19	1	NA	NA	NA	FALSE	17:1_19:1	0.001505148	250bar	Ecoli	NA	250
250C	PG 37:1_19.53 | 18:0/19:1	0.293271718	PG	2	NA	37	1	19.53	NA	18	0	NA	19	1	NA	NA	NA	TRUE	18:0/19:1	8.09511e-5	250bar	Ecoli	NA	250
250C	PG 38:2_18.64 | 19:1/19:1	4.543143263	PG	2	NA	38	2	18.64	NA	19	1	NA	19	1	NA	NA	NA	TRUE	19:1/19:1	0.001254034	250bar	Ecoli	NA	250
250C	CL 62:3_28.55	0.020644849	CL	1	NA	62	3	28.55	NA	NA	NA	NA	NA	NA	NA	NA	NA	FALSE	62:03:00	5.69855e-6	250bar	Ecoli	NA	250
250C	CL 63:1_28.82 | 14:0_16:0_16:0_17:1	1.1070614	CL	1	NA	63	1	28.82	NA	14	0	NA	16	0	NA	NA	NA	FALSE	14:0_16:0_16:0_17:1	3.0558e-4	250bar	Ecoli	NA	250
250C	CL 64:0_29.21 | 16:0_16:0_16:0_16:0	0.048874073	CL	1	NA	64	0	29.21	NA	16	0	NA	16	0	NA	NA	NA	FALSE	16:0_16:0_16:0_16:0	1.34906e-5	250bar	Ecoli	NA	250
250C	CL 64:1_28.94 | 15:0_16:0_16:0_17:1	0.04849144	CL	1	NA	64	1	28.94	NA	15	0	NA	16	0	NA	NA	NA	FALSE	15:0_16:0_16:0_17:1	1.3385e-5	250bar	Ecoli	NA	250
250C	CL 64:2_28.73 | 14:0_16:0_17:1_17:1	0.053507876	CL	1	NA	64	2	28.73	NA	14	0	NA	16	0	NA	NA	NA	FALSE	14:0_16:0_17:1_17:1	1.47697e-5	250bar	Ecoli	NA	250
250C	CL 64:3_28.89	0.017378296	CL	1	NA	64	3	28.89	NA	NA	NA	NA	NA	NA	NA	NA	NA	FALSE	64:03:00	4.79689e-6	250bar	Ecoli	NA	250
250C	CL 65:1_29.12 | 14:0_16:0_16:0_19:1	0.30856189	CL	1	NA	65	1	29.12	NA	14	0	NA	16	0	NA	NA	NA	FALSE	14:0_16:0_16:0_19:1	8.51717e-5	250bar	Ecoli	NA	250
250C	CL 65:1_29.12 | 16:0_16:0_16:0_17:1	0.525324394	CL	1	NA	65	1	29.12	NA	16	0	NA	16	0	NA	NA	NA	FALSE	16:0_16:0_16:0_17:1	1.45004e-4	250bar	Ecoli	NA	250
250C	CL 65:2_28.89 | 15:0_16:0_17:1_17:1	0.012631067	CL	1	NA	65	2	28.89	NA	15	0	NA	16	0	NA	NA	NA	FALSE	15:0_16:0_17:1_17:1	3.48653e-6	250bar	Ecoli	NA	250
250C	CL 65:2_28.89 | 16:0_16:0_16:1_17:1	0.096320263	CL	1	NA	65	2	28.89	NA	16	0	NA	16	0	NA	NA	NA	FALSE	16:0_16:0_16:1_17:1	2.65871e-5	250bar	Ecoli	NA	250
250C	CL 65:4_28.80	0.107696828	CL	1	NA	65	4	28.8	NA	NA	NA	NA	NA	NA	NA	NA	NA	FALSE	65:04:00	2.97273e-5	250bar	Ecoli	NA	250
250C	CL 66:2_29.03 | 14:0_16:0_17:1_19:1	0.069977067	CL	1	NA	66	2	29.03	NA	14	0	NA	16	0	NA	NA	NA	FALSE	14:0_16:0_17:1_19:1	1.93156e-5	250bar	Ecoli	NA	250
250C	CL 66:2_29.03 | 16:0_16:0_17:1_17:1	0.694988487	CL	1	NA	66	2	29.03	NA	16	0	NA	16	0	NA	NA	NA	FALSE	16:0_16:0_17:1_17:1	1.91836e-4	250bar	Ecoli	NA	250
250C	CL 67:1_29.46 | 16:0_16:0_16:0_19:1	0.132810381	CL	1	NA	67	1	29.46	NA	16	0	NA	16	0	NA	NA	NA	FALSE	16:0_16:0_16:0_19:1	3.66594e-5	250bar	Ecoli	NA	250
250C	CL 67:2_29.21 | 15:0_16:0_17:1_19:1	0.015028909	CL	1	NA	67	2	29.21	NA	15	0	NA	16	0	NA	NA	NA	FALSE	15:0_16:0_17:1_19:1	4.1484e-6	250bar	Ecoli	NA	250
250C	CL 67:2_29.21 | 16:0_17:0_17:1_17:1	0.035292193	CL	1	NA	67	2	29.21	NA	16	0	NA	17	0	NA	NA	NA	FALSE	16:0_17:0_17:1_17:1	9.74163e-6	250bar	Ecoli	NA	250
250C	CL 67:4_29.12	0.084977562	CL	1	NA	67	4	29.12	NA	NA	NA	NA	NA	NA	NA	NA	NA	FALSE	67:04:00	2.34562e-5	250bar	Ecoli	NA	250
250C	CL 68:2_29.35 | 16:0_16:0_17:1_19:1	0.5411098	CL	1	NA	68	2	29.35	NA	16	0	NA	16	0	NA	NA	NA	FALSE	16:0_16:0_17:1_19:1	1.49361e-4	250bar	Ecoli	NA	250
250C	CL 68:5_29.03	0.103241312	CL	1	NA	68	5	29.03	NA	NA	NA	NA	NA	NA	NA	NA	NA	FALSE	68:05:00	2.84975e-5	250bar	Ecoli	NA	250
250C	CL 69:3_29.28 | 16:0_17:1_17:1_19:1	0.164662071	CL	1	NA	69	3	29.28	NA	16	0	NA	17	1	NA	NA	NA	FALSE	16:0_17:1_17:1_19:1	4.54513e-5	250bar	Ecoli	NA	250
250C	CL 70:2_29.71 | 16:0_16:0_19:1_19:1	0.095881063	CL	1	NA	70	2	29.71	NA	16	0	NA	16	0	NA	NA	NA	FALSE	16:0_16:0_19:1_19:1	2.64658e-5	250bar	Ecoli	NA	250
250C	CL 71:3_29.62 | 16:0_17:1_19:1_19:1	0.220757015	CL	1	NA	71	3	29.62	NA	16	0	NA	17	1	NA	NA	NA	FALSE	16:0_17:1_19:1_19:1	6.09351e-5	250bar	Ecoli	NA	250
250C	CL 73:3_29.96 | 16:0_19:1_19:1_19:1	0.084226709	CL	1	NA	73	3	29.96	NA	16	0	NA	19	1	NA	NA	NA	FALSE	16:0_19:1_19:1_19:1	2.32489e-5	250bar	Ecoli	NA	250
